mtllib banana.mtl
o object_0
g banana
usemtl object_0
v -1.054202675819397 -1.4929674863815308 -0.04891553521156311 
v -0.861331582069397 -1.4073078632354736 -0.11535755544900894 
v -0.8554869890213013 -1.5204432010650635 -0.058098580688238144 
v -0.6567713022232056 -1.4299348592758179 -0.12129952013492584 
v -0.6596935987472534 -1.31033456325531 -0.1634334772825241 
v -0.4522109925746918 -1.3329616785049438 -0.16667455434799194 
v -0.4492886960506439 -1.2117451429367065 -0.20340673625469208 
v -0.2388838231563568 -1.1891181468963623 -0.2071879804134369 
v -0.24180610477924347 -1.31033456325531 -0.17369689047336578 
v -0.4522109925746918 -1.4509457349777222 -0.12292005866765976 
v -0.24472840130329132 -1.4315510988235474 -0.133723646402359 
v -0.4522109925746918 -1.562464952468872 -0.06512090563774109 
v -0.6538490056991577 -1.5430703163146973 -0.06350036710500717 
v -0.034323520958423615 -1.2877075672149658 -0.1774781346321106 
v -0.028478939086198807 -1.164874792098999 -0.2088085263967514 
v -0.028478939086198807 -0.9660797715187073 -0.23905853927135468 
v -0.2388838231563568 -0.9903230667114258 -0.2422996163368225 
v -0.4492886960506439 -1.0145663022994995 -0.24283979833126068 
v -0.2388838231563568 -0.788295567035675 -0.2676880359649658 
v -0.4492886960506439 -0.8125388622283936 -0.2736299932003021 
v -0.2388838231563568 -0.5878843069076538 -0.2541835606098175 
v -0.4492886960506439 -0.6121276021003723 -0.2644469439983368 
v -0.025556650012731552 -0.5636409521102905 -0.24500051140785217 
v -0.028478939086198807 -0.7640522718429565 -0.2606657147407532 
v 0.1819259375333786 -0.7381927371025085 -0.2563442587852478 
v 0.18484823405742645 -0.9418364763259888 -0.236357644200325 
v 0.29881754517555237 -0.6945548057556152 -0.2504023015499115 
v 0.2900506556034088 -0.5006083846092224 -0.23365674912929535 
v 0.3923308253288269 -0.4618191123008728 -0.22933532297611237 
v 0.18484823405742645 -0.5377814769744873 -0.23959872126579285 
v 0.18484823405742645 -1.1406315565109253 -0.20664779841899872 
v 0.3105067014694214 -0.8917336463928223 -0.23095585405826569 
v 0.41570913791656494 -0.6493006348609924 -0.24500051140785217 
v 0.4946109652519226 -0.4230298399925232 -0.22555406391620636 
v 0.529678463935852 -0.6056627035140991 -0.24013890326023102 
v 0.5968911051750183 -0.3842405676841736 -0.22123263776302338 
v 0.439087450504303 -0.8400145769119263 -0.2244737148284912 
v 0.32511815428733826 -1.0840637683868408 -0.2028665542602539 
v 0.17315906286239624 -1.261847972869873 -0.17801831662654877 
v -0.040168099105358124 -1.4089239835739136 -0.14074596762657166 
v -0.25057297945022583 -1.5446865558624268 -0.07808519899845123 
v -0.048934970051050186 -1.522059440612793 -0.08834860473871231 
v 0.16439220309257507 -1.3830645084381104 -0.14452721178531647 
v 0.3280404508113861 -1.2117451429367065 -0.17585760354995728 
v 0.46538805961608887 -1.027496099472046 -0.19584421813488007 
v 0.5676681995391846 -0.7899118065834045 -0.21799156069755554 
v 0.6465700268745422 -0.5604085326194763 -0.2347371131181717 
v 0.7020935416221619 -0.3454512655735016 -0.21637102961540222 
v 0.7634616494178772 -0.5151543617248535 -0.22933532297611237 
v 0.8043736815452576 -0.30827823281288147 -0.21150942146778107 
v 0.6962490081787109 -0.7381927371025085 -0.21258977055549622 
v 0.6056579947471619 -0.970928430557251 -0.18882189691066742 
v 0.4829218089580536 -1.1600261926651 -0.1693754494190216 
v 0.3309627175331116 -1.3410427570343018 -0.14344686269760132 
v 0.15270304679870605 -1.4978160858154297 -0.09483075141906738 
v -0.034323520958423615 -1.6125677824020386 0.04345507174730301 
v -0.2388838231563568 -1.6351948976516724 0.05371847376227379 
v -0.44636639952659607 -1.6513570547103882 0.0672229453921318 
v -0.6509267091751099 -1.6335786581039429 0.06992384046316147 
v -0.8584092855453491 -1.6093353033065796 0.0753256306052208 
v -1.0629695653915405 -1.578627109527588 0.08450867980718613 
v -1.0688141584396362 -1.6465083360671997 0.22819629311561584 
v -0.8584092855453491 -1.6804490089416504 0.22063378989696503 
v -0.648004412651062 -1.7046922445297241 0.2152319997549057 
v -0.4375995397567749 -1.7208545207977295 0.21037037670612335 
v -0.2271946668624878 -1.7046922445297241 0.19902662932872772 
v -0.019712070003151894 -1.6820652484893799 0.18876323103904724 
v 0.17315906286239624 -1.5850920677185059 0.03589256852865219 
v 0.3309627175331116 -1.4606430530548096 -0.09321021288633347 
v 0.5004555583000183 -1.2957886457443237 -0.13858525454998016 
v 0.6348809003829956 -1.108307123184204 -0.1618129462003708 
v 0.743005633354187 -0.9143607020378113 -0.1834201067686081 
v 0.8248297572135925 -0.688089907169342 -0.2071879804134369 
v 0.8803532719612122 -0.4715164303779602 -0.2228531688451767 
v 0.8920423984527588 -0.26464027166366577 -0.1990852952003479 
v 0.9738665223121643 -0.4101000726222992 -0.20988887548446655 
v 0.97971111536026 -0.22100234031677246 -0.1850406378507614 
v -1.0629695653915405 -1.6885300874710083 0.37836605310440063 
v -0.8525646924972534 -1.7208545207977295 0.37404462695121765 
v 0.9534105062484741 -0.6379870772361755 -0.20016565918922424 
v 0.88327556848526 -0.8577930331230164 -0.17801831662654877 
v 0.7809953689575195 -1.0371934175491333 -0.15857186913490295 
v 0.6641038060188293 -1.2473020553588867 -0.13102275133132935 
v 0.5121446847915649 -1.4234700202941895 -0.08888877928256989 
v 0.35726332664489746 -1.5479189157485962 0.03265149146318436 
v 0.19069281220436096 -1.6529732942581177 0.17903999984264374 
v -0.008022909983992577 -1.722470760345459 0.34109368920326233 
v -0.21842779219150543 -1.7450977563858032 0.351897269487381 
v -0.4317549467086792 -1.7612600326538086 0.3616205155849457 
v -0.6421598196029663 -1.7450977563858032 0.36810263991355896 
v 0.20238196849822998 -1.6933788061141968 0.3297499418258667 
v 0.37771937251091003 -1.615800142288208 0.1720176786184311 
v 0.38940852880477905 -1.656205654144287 0.31894636154174805 
v 0.5413675904273987 -1.507513403892517 0.03157113492488861 
v 0.6904044151306152 -1.3798320293426514 -0.07970573753118515 
v 0.8189851641654968 -1.1616424322128296 -0.12940220534801483 
v 0.9271098971366882 -0.9644635319709778 -0.15317007899284363 
v 1.023545503616333 -0.7996091246604919 -0.17045581340789795 
v 1.052768349647522 -0.5604085326194763 -0.19044242799282074 
v 1.0673798322677612 -0.3502999544143677 -0.19638440012931824 
v 1.0673798322677612 -0.17898061871528625 -0.17045581340789795 
v 1.1608930826187134 -0.29049980640411377 -0.18017902970314026 
v 1.149203896522522 -0.4844461977481842 -0.18071921169757843 
v 1.2485617399215698 -0.4084838628768921 -0.16613437235355377 
v 1.1287479400634766 -0.7091007828712463 -0.16505402326583862 
v 1.073224425315857 -0.8917336463928223 -0.14452721178531647 
v 0.9680219292640686 -1.0727503299713135 -0.12346024066209793 
v 0.8511303663253784 -1.279626488685608 -0.08240663260221481 
v 0.7225496172904968 -1.45902681350708 0.03535238653421402 
v 0.5647459030151367 -1.5753947496414185 0.16553552448749542 
v 0.5764350891113281 -1.614184021949768 0.3076026141643524 
v 0.7459279298782349 -1.522059440612793 0.16121409833431244 
v 0.7605393528938293 -1.562464952468872 0.29517847299575806 
v 0.8861978054046631 -1.3604373931884766 0.026709524914622307 
v 1.006011724472046 -1.176188349723816 -0.0786253809928894 
v 1.119981050491333 -0.9822419881820679 -0.11373701691627502 
v 1.1784268617630005 -0.7866793274879456 -0.1418263167142868 
v 1.2310280799865723 -0.616976261138916 -0.15803168714046478 
v 1.333308219909668 -0.5248516798019409 -0.1456075757741928 
v 1.286551594734192 -0.6800088286399841 -0.13696470856666565 
v 1.2310280799865723 -0.8642578721046448 -0.11535755544900894 
v 1.1608930826187134 -1.0695178508758545 -0.07214323431253433 
v 1.0469237565994263 -1.2537668943405151 0.02292827144265175 
v 0.9154207110404968 -1.4267024993896484 0.1482498049736023 
v 0.9300321936607361 -1.4687241315841675 0.2789731025695801 
v 1.0819913148880005 -1.321648120880127 0.13744622468948364 
v 1.099524974822998 -1.3669023513793945 0.2622275650501251 
v 1.2047274112701416 -1.1422477960586548 0.02346844971179962 
v 1.2777847051620483 -0.9386039972305298 -0.07808519899845123 
v 1.3391528129577637 -0.7430413961410522 -0.11265666037797928 
v 1.3917540311813354 -0.5733383297920227 -0.12670131027698517 
v 1.3683756589889526 -0.4634353518486023 -0.1321031004190445 
v 1.4268214702606201 -0.5151543617248535 -0.1142771914601326 
v 1.400520920753479 -0.4036352038383484 -0.11535755544900894 
v 1.447277545928955 -0.6218249201774597 -0.10455397516489029 
v 1.3917540311813354 -0.8044577836990356 -0.07916556298732758 
v 1.3245413303375244 -1.0097177028656006 0.012664870359003544 
v 1.2397949695587158 -1.2068965435028076 0.12880335748195648 
v 1.2573286294937134 -1.2537668943405151 0.24440166354179382 
v 1.3654533624649048 -1.0743664503097534 0.11421852558851242 
v 1.382987141609192 -1.1228530406951904 0.22657574713230133 
v 1.4414329528808594 -0.873955249786377 0.005642543081194162 
v 1.4998787641525269 -0.6686952710151672 -0.07430394738912582 
v 1.4852672815322876 -0.56525719165802 -0.09375039488077164 
v 1.4618889093399048 -0.455354243516922 -0.09969235956668854 
v 1.4326660633087158 -0.3422188460826874 -0.09861200302839279 
v 1.4940341711044312 -0.3971703052520752 -0.08402717113494873 
v 1.5232570171356201 -0.5086895227432251 -0.08186645805835724 
v 1.5583245754241943 -0.4521217942237854 -0.066741444170475 
v 1.5407907962799072 -0.616976261138916 -0.06458072364330292 
v 1.5495576858520508 -0.7317278385162354 0.004562185145914555 
v 1.4823449850082397 -0.9353715777397156 0.10179440677165985 
v 1.4998787641525269 -0.9838581681251526 0.2076694816350937 
v 1.5904697179794312 -0.7899118065834045 0.09207118302583694 
v 1.6109257936477661 -0.8400145769119263 0.18876323103904724 
v 1.5846251249313354 -0.6703115105628967 0.008883616887032986 
v 1.5787805318832397 -0.5636409521102905 -0.053777147084474564 
v 1.613848090171814 -0.5086895227432251 -0.039732493460178375 
v 1.6196925640106201 -0.6072789430618286 0.01482558622956276 
v 1.622614860534668 -0.7187981009483337 0.09045064449310303 
v 1.643070936203003 -0.762436032295227 0.18012036383152008 
v 1.6518378257751465 -0.6476843953132629 0.09045064449310303 
v 1.6693716049194336 -0.6832412481307983 0.17093731462955475 
v 1.6489155292510986 -0.542630136013031 0.02292827144265175 
v 1.6255371570587158 -0.4262622892856598 -0.031089628115296364 
v 1.6576824188232422 -0.4505055844783783 0.025629166513681412 
v 1.6343040466308594 -0.3422188460826874 -0.01974586956202984 
v 1.6781383752822876 -0.5733383297920227 0.0909908264875412 
v 1.6927498579025269 -0.6024302840232849 0.1617542803287506 
v 1.6810606718063354 -0.4715164303779602 0.08666939288377762 
v 1.66060471534729 -0.3567648231983185 0.029950598254799843 
v 1.6459932327270508 -0.25817540287971497 -0.011103006079792976 
v 1.6693716049194336 -0.26464027166366577 0.03319167345762253 
v 1.6781383752822876 -0.3713108003139496 0.08396849781274796 
v 1.6956721544265747 -0.4925273060798645 0.1504105180501938 
v 1.6810606718063354 -0.5587922930717468 0.22657574713230133 
v 1.6869052648544312 -0.4602029025554657 0.20983020961284637 
v 1.66060471534729 -0.5151543617248535 0.2886963486671448 
v 1.6664493083953857 -0.4246460497379303 0.26708918809890747 
v 1.6284594535827637 -0.4699002206325531 0.3459553122520447 
v 1.640148639678955 -0.3907054364681244 0.319486528635025 
v 1.6693716049194336 -0.3357539474964142 0.24386148154735565 
v 1.6459932327270508 -0.3098944425582886 0.29139724373817444 
v 1.6839829683303833 -0.3599972724914551 0.19200429320335388 
v 1.689827561378479 -0.3826243281364441 0.13960693776607513 
v 1.6810606718063354 -0.2694889307022095 0.08072742074728012 
v 1.689827561378479 -0.2743375897407532 0.12880335748195648 
v 1.6839829683303833 -0.25979161262512207 0.17525875568389893 
v 1.6752160787582397 -0.24524563550949097 0.22171413898468018 
v 1.6576824188232422 -0.23069965839385986 0.26546862721443176 
v 1.6985944509506226 -0.17089952528476715 0.20604895055294037 
v 1.6810606718063354 -0.15796975791454315 0.24656237661838531 
v 1.7073613405227661 -0.18382927775382996 0.16337481141090393 
v 1.7132059335708618 -0.19514282047748566 0.11962030827999115 
v 1.7044390439987183 -0.19352659583091736 0.0753256306052208 
v 1.689827561378479 -0.18867793679237366 0.03157113492488861 
v 1.6693716049194336 -0.18382927775382996 -0.009482469409704208 
v 1.6372263431549072 -0.15312109887599945 -0.02622801810503006 
v 1.6109257936477661 -0.22585099935531616 -0.028928913176059723 
v 1.6021589040756226 -0.12241291999816895 -0.037571776658296585 
v 1.5700136423110962 -0.19352659583091736 -0.041353028267621994 
v 1.56416916847229 -0.09332095831632614 -0.04729500040411949 
v 1.5291016101837158 -0.16120220720767975 -0.05161643028259277 
v 1.6021589040756226 -0.02543972060084343 -0.045674461871385574 
v 1.6343040466308594 -0.052915461361408234 -0.03703159838914871 
v 1.6664493083953857 -0.08200742304325104 -0.02622801810503006 
v 1.6956721544265747 -0.10948316007852554 -0.010022647678852081 
v 1.7190505266189575 -0.11433181911706924 0.027789881452918053 
v 1.7336618900299072 -0.11756426095962524 0.06884348392486572 
v 1.7424287796020508 -0.11918047815561295 0.11097744852304459 
v 1.736584186553955 -0.10948316007852554 0.15257123112678528 
v 1.7248950004577637 -0.09816961735486984 0.19308465719223022 
v 1.7073613405227661 -0.08523985743522644 0.23035700619220734 
v 1.7511956691741943 -0.02543972060084343 0.18012036383152008 
v 1.7336618900299072 -0.012509959749877453 0.21577216684818268 
v 1.6372263431549072 0.04244152083992958 -0.045674461871385574 
v 1.7658071517944336 -0.03513703867793083 0.14176765084266663 
v 1.7716517448425293 -0.04321813955903053 0.10179440677165985 
v 1.7628848552703857 -0.04321813955903053 0.06236133724451065 
v 1.7453510761260986 -0.04160191863775253 0.02346844971179962 
v 1.7248950004577637 -0.03675325959920883 -0.012183363549411297 
v 1.6985944509506226 -0.010893739759922028 -0.027308376505970955 
v 1.6664493083953857 0.016581999137997627 -0.037571776658296585 
v 1.6956721544265747 0.1604255735874176 -0.05539768561720848 
v 1.7219728231430054 0.1329498440027237 -0.04729500040411949 
v 1.7511956691741943 0.10709031671285629 -0.03703159838914871 
v 1.7745740413665771 0.08284702152013779 -0.0224467646330595 
v 1.7979522943496704 0.07961457967758179 0.012124691158533096 
v 1.8154860734939575 0.07961457967758179 0.04939704015851021 
v 1.827175259590149 0.08123079687356949 0.08720957487821579 
v 1.8184083700180054 0.08607946336269379 0.12610246241092682 
v 1.8037968873977661 0.09416055679321289 0.16337481141090393 
v 1.7833408117294312 0.10547409951686859 0.19794626533985138 
v 1.8593204021453857 0.2137608379125595 0.1482498049736023 
v 1.835942029953003 0.2218419462442398 0.18228107690811157 
v 1.873931884765625 0.2072959542274475 0.11097744852304459 
v 1.8856209516525269 0.2024472951889038 0.07262473553419113 
v 1.8710095882415771 0.1992148607969284 0.03535238653421402 
v 1.85347580909729 0.1992148607969284 -0.0008396049961447716 
v 1.8300975561141968 0.2008310854434967 -0.03487088158726692 
v 1.8037968873977661 0.2250743806362152 -0.04945571348071098 
v 1.7804185152053833 0.2509338855743408 -0.05971911549568176 
v 1.7541179656982422 0.2767934203147888 -0.06782180070877075 
v 1.710283637046814 0.305885374546051 -0.07430394738912582 
v 1.6518378257751465 0.1911337673664093 -0.06133965402841568 
v 1.593392014503479 0.07476592063903809 -0.052156608551740646 
v 1.6109257936477661 0.2218419462442398 -0.06512090563774109 
v 1.5495576858520508 0.10870654135942459 -0.055937863886356354 
v 1.5670913457870483 0.2541663348674774 -0.05971911549568176 
v 1.5086456537246704 0.1426471620798111 -0.0510762520134449 
v 1.6255371570587158 0.36568552255630493 -0.07322359085083008 
v 1.6664493083953857 0.33497732877731323 -0.0786253809928894 
v 1.7248950004577637 0.44811272621154785 -0.09212985634803772 
v 1.7687294483184814 0.42063701152801514 -0.08834860473871231 
v 1.8125637769699097 0.39316126704216003 -0.08240663260221481 
v 1.835942029953003 0.36730173230171204 -0.07376377284526825 
v 1.8622426986694336 0.3414422273635864 -0.06404054909944534 
v 1.8826987743377686 0.3171989321708679 -0.04945571348071098 
v 1.9089993238449097 0.3155826926231384 -0.016504796221852303 
v 1.9294553995132446 0.3171989321708679 0.020227376371622086 
v 1.9469890594482422 0.3236638009548187 0.05803990736603737 
v 1.9323776960372925 0.32528001070022583 0.09747297316789627 
v 1.9148439168930054 0.331744909286499 0.13528549671173096 
v 1.8914655447006226 0.33982598781585693 0.16931678354740143 
v 2.025890827178955 0.49175068736076355 0.11475870013237 
v 2.0025126934051514 0.49659934639930725 0.1504105180501938 
v 1.6810606718063354 0.47720471024513245 -0.08564770966768265 
v 1.920688509941101 0.5580157041549683 -0.1083352267742157 
v 2.04634690284729 0.49013444781303406 0.07640599459409714 
v 2.0609583854675293 0.49175068736076355 0.03697292506694794 
v 2.043424606323242 0.48205336928367615 -0.00029942599940113723 
v 2.0200462341308594 0.47720471024513245 -0.03703159838914871 
v 1.9937456846237183 0.47397226095199585 -0.07106287777423859 
v 1.970367431640625 0.5014479756355286 -0.08726824820041656 
v 1.9469890594482422 0.528923749923706 -0.09861200302839279 
v 2.031735420227051 0.7228701114654541 -0.13642452657222748 
v 2.0580360889434814 0.6905457377433777 -0.126161128282547 
v 2.139860153198242 0.8861083388328552 -0.16613437235355377 
v 2.084336757659912 0.6582213640213013 -0.11481737345457077 
v 2.107715129852295 0.6291294097900391 -0.09753164649009705 
v 2.1369378566741943 0.6339780688285828 -0.06133965402841568 
v 2.160316228866577 0.6436753869056702 -0.022986944764852524 
v 2.1778500080108643 0.6549888849258423 0.015365765430033207 
v 2.163238525390625 0.6517564654350281 0.056959547102451324 
v 2.14278244972229 0.6501402258872986 0.09801315516233444 
v 2.1194043159484863 0.6533727049827576 0.1363658607006073 
v 2.2655186653137207 0.8052973747253418 0.0850488543510437 
v 2.236295700073242 0.8069135546684265 0.12556228041648865 
v 2.2859747409820557 0.808529794216156 0.04021399840712547 
v 2.3064308166503906 0.8133784532546997 -0.00570121593773365 
v 2.283052444458008 0.7988324761390686 -0.04729500040411949 
v 2.256751775741577 0.7875189185142517 -0.08888877928256989 
v 2.22460675239563 0.782670259475708 -0.12670131027698517 
v 2.198306083679199 0.8149946928024292 -0.14506739377975464 
v 2.1690831184387207 0.8505515456199646 -0.15641115605831146 
v 2.166160821914673 1.0008599758148193 -0.19368350505828857 
v 2.1135597229003906 1.0089410543441772 -0.19368350505828857 
v 2.08725905418396 0.9152002930641174 -0.17261652648448944 
v 2.0580360889434814 1.0154060125350952 -0.1931433230638504 
v 2.031735420227051 0.9442923069000244 -0.1774781346321106 
v 2.008357286453247 1.0234870910644531 -0.18396028876304626 
v 1.9791343212127686 0.9750004410743713 -0.16883526742458344 
v 2.0346577167510986 1.0719736814498901 -0.20016565918922424 
v 2.084336757659912 1.088135838508606 -0.2109692394733429 
v 2.139860153198242 1.1026818752288818 -0.21583084762096405 
v 2.1924614906311035 1.1172277927398682 -0.2206924557685852 
v 2.1749277114868164 1.1948063373565674 -0.2266344279050827 
v 2.2304513454437256 1.231979489326477 -0.23149603605270386 
v 2.2333734035491943 1.0251033306121826 -0.21529066562652588 
v 2.201228380203247 0.9378274083137512 -0.18558081984519958 
v 2.236295700073242 0.8764110207557678 -0.16667455434799194 
v 2.2655186653137207 0.8198433518409729 -0.13858525454998016 
v 2.300586223602295 0.8263081908226013 -0.09915218502283096 
v 2.3268868923187256 0.8376217484474182 -0.05539768561720848 
v 2.353187322616577 0.8521677255630493 -0.011103006079792976 
v 2.3298091888427734 0.8473190665245056 0.036432746797800064 
v 2.3064308166503906 0.8457028865814209 0.08288814127445221 
v 2.277207851409912 0.8473190665245056 0.12556228041648865 
v 2.3502650260925293 0.882875919342041 0.08234795928001404 
v 2.318120002746582 0.8861083388328552 0.12772299349308014 
v 2.0609583854675293 1.1188440322875977 -0.21367013454437256 
v 2.1164820194244385 1.1576333045959473 -0.22231300175189972 
v 2.37656569480896 0.8844921588897705 0.0337318517267704 
v 2.3999440670013428 0.8893408179283142 -0.016504796221852303 
v 2.373643398284912 0.8731786012649536 -0.06404054909944534 
v 2.3444204330444336 0.8618650436401367 -0.11049593985080719 
v 2.3093531131744385 0.8554002046585083 -0.15208972990512848 
v 2.2742855548858643 0.9378274083137512 -0.18990226089954376 
v 2.2684409618377686 1.1156115531921387 -0.2347371131181717 
v 2.318120002746582 1.3047093152999878 -0.2466210573911667 
v 2.359031915664673 1.2125848531723022 -0.24932193756103516 
v 2.4087109565734863 1.380671739578247 -0.26336660981178284 
v 2.3122754096984863 1.0008599758148193 -0.20934869349002838 
v 2.3473427295684814 0.8941894769668579 -0.16397365927696228 
v 2.3882548809051514 0.9006543159484863 -0.1202191635966301 
v 2.41747784614563 0.9135841131210327 -0.07160305231809616 
v 2.4437785148620605 0.9297463297843933 -0.0224467646330595 
v 2.4204001426696777 0.9232814311981201 0.030490776523947716 
v 2.391177177429199 0.9216651916503906 0.08180778473615646 
v 2.359031915664673 0.9232814311981201 0.1304238885641098 
v 2.4993019104003906 1.0671249628067017 0.07046402245759964 
v 2.5256025791168213 1.0638926029205322 0.01482558622956276 
v 2.5431363582611084 1.0638926029205322 -0.04027267172932625 
v 2.5168356895446777 1.0477303266525269 -0.09483075141906738 
v 2.4846904277801514 1.0380330085754395 -0.14722810685634613 
v 2.4408562183380127 1.031568169593811 -0.19206297397613525 
v 2.4028663635253906 1.1188440322875977 -0.2287951409816742 
v 2.449622869491577 1.3127903938293457 -0.2666076719760895 
v 2.5051465034484863 1.4469367265701294 -0.2639067769050598 
v 2.5431363582611084 1.4081474542617798 -0.25688445568084717 
v 2.493457317352295 1.240060567855835 -0.24716122448444366 
v 2.528524875640869 1.173795461654663 -0.21421031653881073 
v 2.5752813816070557 1.1818766593933105 -0.1693754494190216 
v 2.6132712364196777 1.191573977470398 -0.11697808653116226 
v 2.6395719051361084 1.2045036554336548 -0.05863875895738602 
v 2.6191158294677734 1.2158172130584717 -0.004080678801983595 
v 2.5928151607513428 1.2271307706832886 0.04939704015851021 
v 2.470078945159912 1.0752060413360596 0.12502209842205048 
v 2.4671566486358643 1.0752060413360596 0.1720176786184311 
v 2.359031915664673 0.9329787492752075 0.16499534249305725 
v 2.470078945159912 1.0703574419021606 0.22171413898468018 
v 2.3648765087127686 0.934594988822937 0.2011873424053192 
v 2.470078945159912 1.0752060413360596 0.2687097191810608 
v 2.3677988052368164 0.9426760673522949 0.23575879633426666 
v 2.5460586547851562 1.236828088760376 0.2643882930278778 
v 2.5577476024627686 1.233595609664917 0.21199092268943787 
v 2.5577476024627686 1.236828088760376 0.15635249018669128 
v 2.566514492034912 1.240060567855835 0.10341494530439377 
v 2.5986597537994385 1.396833896636963 0.24548201262950897 
v 2.6132712364196777 1.4049149751663208 0.18822304904460907 
v 2.6132712364196777 1.4113798141479492 0.12880335748195648 
v 2.6161935329437256 1.4178447723388672 0.07046402245759964 
v 2.6424942016601562 1.3984501361846924 0.021847913041710854 
v 2.6746392250061035 1.380671739578247 -0.025687839835882187 
v 2.6980175971984863 1.3612769842147827 -0.07592448592185974 
v 2.6746392250061035 1.3499635457992554 -0.1277816742658615 
v 2.6424942016601562 1.337033748626709 -0.17477723956108093 
v 2.604504346847534 1.3241039514541626 -0.21799156069755554 
v 2.5752813816070557 1.3661257028579712 -0.2385183721780777 
v -0.6626158952713013 -1.1875019073486328 -0.19962547719478607 
v -0.8671761751174927 -1.2860913276672363 -0.1574915200471878 
v -1.0658918619155884 -1.3798320293426514 -0.1061745136976242 
v -1.3435094356536865 -1.3830645084381104 -0.05971911549568176 
v -1.3376648426055908 -1.27316153049469 -0.11643791198730469 
v -1.6298938989639282 -1.2666966915130615 -0.06512090563774109 
v -1.6065155267715454 -1.1632585525512695 -0.12237987667322159 
v -1.9133559465408325 -1.1406315565109253 -0.06133965402841568 
v -1.8724439144134521 -1.0468907356262207 -0.11913880705833435 
v -1.5772926807403564 -1.0549718141555786 -0.16451384127140045 
v -1.825687289237976 -0.9483013153076172 -0.1634334772825241 
v -0.8730207681655884 -1.1632585525512695 -0.19368350505828857 
v -1.074658751487732 -1.260231852531433 -0.14884865283966064 
v -1.0834256410598755 -1.1390153169631958 -0.18612100183963776 
v -1.3259756565093994 -1.1584099531173706 -0.15803168714046478 
v -1.3142865896224976 -1.0420421361923218 -0.19368350505828857 
v -1.54514741897583 -0.945068895816803 -0.20016565918922424 
v -1.7760083675384521 -0.8464794754981995 -0.20178619027137756 
v -1.498390793800354 -0.7640522718429565 -0.23743800818920135 
v -1.7087956666946411 -0.6767764091491699 -0.24121926724910736 
v -1.0834256410598755 -0.9418364763259888 -0.22609424591064453 
v -1.2909082174301147 -0.8529443740844727 -0.23095585405826569 
v -1.267529845237732 -0.6606141924858093 -0.2585049867630005 
v -1.451634168624878 -0.5798031687736511 -0.26552730798721313 
v -1.2470738887786865 -0.468284010887146 -0.24878177046775818 
v -1.0834256410598755 -0.5377814769744873 -0.24716122448444366 
v -1.0805033445358276 -0.739808976650238 -0.2558040916919708 
v -1.6386607885360718 -0.5006083846092224 -0.2714692950248718 
v -1.4077998399734497 -0.3971703052520752 -0.2558040916919708 
v -1.568525791168213 -0.3244404196739197 -0.26282641291618347 
v -1.024979829788208 -1.410540223121643 0.7559511661529541 
v -1.0337467193603516 -1.2893238067626953 0.7905226349830627 
v -0.8262640833854675 -1.3151832818984985 0.7894423007965088 
v -0.8291863799095154 -1.1875019073486328 0.8061878085136414 
v -0.6217038035392761 -1.2117451429367065 0.8013262152671814 
v -0.6217038035392761 -1.0856800079345703 0.8126699924468994 
v -0.411298930644989 -1.1099233627319336 0.804567277431488 
v -0.40837663412094116 -0.9095120429992676 0.8040270805358887 
v -0.19797176122665405 -0.8868849873542786 0.7824199199676514 
v -0.19797176122665405 -0.6832412481307983 0.7662145495414734 
v 0.009510830044746399 -0.662230372428894 0.7386654615402222 
v 0.009510830044746399 -0.4699002206325531 0.6830270290374756 
v 0.2199157029390335 -0.4472731351852417 0.6565582156181335 
v -0.2008940428495407 -0.4892948567867279 0.7132770419120789 
v -0.40837663412094116 -0.7042521238327026 0.79322350025177 
v -0.411298930644989 -0.5103057026863098 0.7440672516822815 
v -0.6187815070152283 -0.6816250681877136 0.7975449562072754 
v -0.6217038035392761 -0.4876786470413208 0.7467681169509888 
v -0.8291863799095154 -0.6573817133903503 0.8018664121627808 
v -0.8350309729576111 -0.4634353518486023 0.7516297698020935 
v -1.0395913124084473 -0.6315222382545471 0.809428870677948 
v -1.045435905456543 -0.4359596073627472 0.7608127593994141 
v -1.2061618566513062 -0.3664621412754059 0.7613529562950134 
v -1.2236955165863037 -0.5523274540901184 0.8105092644691467 
v -1.3698101043701172 -0.293732225894928 0.7662145495414734 
v -1.0425136089324951 -0.8351659178733826 0.8213128447532654 
v -0.8321086764335632 -0.8610254526138306 0.8153708577156067 
v -0.6217038035392761 -0.8852687478065491 0.8105092644691467 
v -0.8321086764335632 -1.0614367723464966 0.8180717825889587 
v -1.045435905456543 -1.0371934175491333 0.8218530416488647 
v -1.2499961853027344 -0.7462738156318665 0.8240137100219727 
v -1.4107221364974976 -0.4715164303779602 0.815911054611206 
v -1.5305360555648804 -0.22100234031677246 0.7705360054969788 
v -1.594826340675354 -0.3907054364681244 0.8196923136711121 
v -1.6678836345672607 -0.13372646272182465 0.7537904381752014 
v -1.4574787616729736 -0.6573817133903503 0.829415500164032 
v -1.2762967348098755 -0.9386039972305298 0.8272548317909241 
v -1.0395913124084473 -1.1632585525512695 0.8088887333869934 
v -1.287985920906067 -1.059820532798767 0.81699138879776 
v -1.5071576833724976 -0.8400145769119263 0.832116425037384 
v -1.6678836345672607 -0.5668734312057495 0.8310360312461853 
v -1.7526299953460693 -0.2791862487792969 0.8002458810806274 
v -1.808153510093689 -0.04645058140158653 0.7370449304580688 
v -1.9104336500167847 -0.16928330063819885 0.780799388885498 
v -1.9455012083053589 0.04567395895719528 0.7240806221961975 
v -1.8432210683822632 -0.4343433678150177 0.8126699924468994 
v -1.7380186319351196 -0.7430413961410522 0.8315762281417847 
v -1.5393028259277344 -0.9547662138938904 0.8213128447532654 
v -1.3025974035263062 -1.1810370683670044 0.8002458810806274 
v -1.3113642930984497 -1.2990211248397827 0.7672949433326721 
v -1.568525791168213 -1.0695178508758545 0.804567277431488 
v -1.5977486371994019 -1.1810370683670044 0.7710762023925781 
v -1.7876975536346436 -0.848095715045929 0.8180717825889587 
v -1.9308897256851196 -0.5878843069076538 0.8153708577156067 
v -2.0156362056732178 -0.30019712448120117 0.7926833629608154 
v -2.0682373046875 -0.056147899478673935 0.7640538811683655 
v -2.088693380355835 0.2363879233598709 0.6922100782394409 
v -2.2085072994232178 0.1458795964717865 0.7321832776069641 
v -2.226041078567505 0.43195053935050964 0.6662814617156982 
v -2.1909735202789307 -0.16605086624622345 0.7726967334747314 
v -2.1208386421203613 -0.4311109483242035 0.7943038940429688 
v -1.9951801300048828 -0.6751601696014404 0.8034869432449341 
v -1.8373764753341675 -0.9547662138938904 0.7986252903938293 
v -1.8812108039855957 -1.056588053703308 0.7635136842727661 
v -2.0594704151153564 -0.7640522718429565 0.7856610417366028 
v -2.1208386421203613 -0.8513281345367432 0.7527101039886475 
v -2.199740409851074 -0.5006083846092224 0.7818797826766968 
v -2.3137097358703613 -0.27595382928848267 0.7710762023925781 
v -2.3341658115386963 0.04567395895719528 0.7429868578910828 
v -2.3516995906829834 0.35113954544067383 0.7051743268966675 
v -2.3692331314086914 0.6242806911468506 0.6376519799232483 
v -2.49489164352417 0.5531670451164246 0.6722234487533569 
v -2.453979730606079 0.7406485676765442 0.598759114742279 
v -2.477357864379883 0.2606312334537506 0.7143573760986328 
v -2.456902027130127 -0.054531678557395935 0.7440672516822815 
v -2.4043006896972656 -0.3260566294193268 0.7548708319664001 
v -2.278642177581787 -0.5717220902442932 0.7640538811683655 
v -2.3546218872070312 -0.6379870772361755 0.7305627465248108 
v -2.4978139400482178 -0.3745432496070862 0.7332636713981628 
v -2.5825603008270264 -0.4214136302471161 0.6981520056724548 
v -2.5474929809570312 -0.09816961735486984 0.7294824123382568 
v -2.6000940799713135 0.1685066819190979 0.7143573760986328 
v -2.6205501556396484 0.47235605120658875 0.6781653761863708 
v -2.573793411254883 0.6808484196662903 0.627388596534729 
v -2.5416483879089355 0.8537839651107788 0.5577054619789124 
v -2.6556177139282227 0.8069135546684265 0.5793126225471497 
v -2.626394748687744 0.9669193625450134 0.5166518688201904 
v -2.6936073303222656 0.611350953578949 0.6295492649078369 
v -2.743286371231079 0.38992881774902344 0.6754645109176636 
v -2.6906850337982178 0.1313336193561554 0.6997725367546082 
v -2.6410062313079834 -0.14180755615234375 0.7094957828521729 
v -2.72867488861084 -0.18382927775382996 0.6760047078132629 
v -2.781276226043701 0.09254433959722519 0.6792457699775696 
v -2.8660225868225098 0.05537128075957298 0.6457546353340149 
v -2.8280327320098877 0.3592206537723541 0.6592591404914856 
v -2.8134212493896484 0.540237307548523 0.6252278685569763 
v -2.7695870399475098 0.7487296462059021 0.576071560382843 
v -2.7374417781829834 0.9329787492752075 0.5296161770820618 
v -2.6789960861206055 1.0331844091415405 0.4928840100765228 
v -2.781276226043701 1.0073248147964478 0.4972054362297058 
v -2.7345194816589355 1.0978331565856934 0.46857595443725586 
v -2.845566511154175 0.8861083388328552 0.5209733247756958 
v -2.880634069442749 0.6905457377433777 0.5679689049720764 
v -2.895245313644409 0.5192264318466187 0.6101028323173523 
v -2.915701389312744 0.3285124599933624 0.6381921768188477 
v -2.997525691986084 0.2978042662143707 0.6057814359664917 
v -2.974147319793701 0.49821555614471436 0.591196596622467 
v -3.053049087524414 0.47558847069740295 0.5614867210388184 
v -2.956613540649414 0.6792321801185608 0.5539242029190063 
v -2.9507689476013184 0.8392379879951477 0.5096295475959778 
v -2.877711772918701 0.9701517820358276 0.4837009608745575 
v -2.82511043548584 1.0816709995269775 0.46533486247062683 
v -2.787120819091797 1.1640981435775757 0.4442678987979889 
v -2.8689448833465576 1.1560170650482178 0.4323839545249939 
v -2.8367996215820312 1.2691525220870972 0.39781248569488525 
v -2.9127790927886963 1.0558114051818848 0.44534826278686523 
v -2.974147319793701 0.934594988822937 0.46857595443725586 
v -3.015059232711792 0.8360055685043335 0.4950447082519531 
v -3.0296707153320312 0.6663024425506592 0.5371786952018738 
v -3.0998058319091797 0.6533727049827576 0.5107098817825317 
v -3.0822720527648926 0.834389328956604 0.47883933782577515 
v -3.1436400413513184 0.8311569094657898 0.4545312821865082 
v -3.0296707153320312 0.9410598278045654 0.4545312821865082 
v -3.000447988510132 1.028335690498352 0.42536163330078125 
v -2.9449243545532227 1.139854907989502 0.4069955348968506 
v -2.9069344997406006 1.2643038034439087 0.39187052845954895 
v -2.8894009590148926 1.3758230209350586 0.350816935300827 
v -2.9449243545532227 1.3725905418395996 0.3529776334762573 
v -2.9449243545532227 1.474412441253662 0.2946383059024811 
v -2.9858365058898926 1.4727962017059326 0.2994999289512634 
v -3.0033700466156006 1.3645094633102417 0.3491963744163513 
v -3.0296707153320312 1.4679476022720337 0.3016606271266937 
v -2.974147319793701 1.2497578859329224 0.3767455220222473 
v -3.0238261222839355 1.1236927509307861 0.38376784324645996 
v -3.0442821979522705 1.0444979667663574 0.41131696105003357 
v -3.0851943492889404 0.9475247263908386 0.43940627574920654 
v -3.1407177448272705 0.9539896249771118 0.41725894808769226 
v -3.0881166458129883 1.0606601238250732 0.39619195461273193 
v -3.129028558731079 1.0752060413360596 0.37566515803337097 
v -3.055971384048462 1.1479359865188599 0.3691830039024353 
v -3.0413599014282227 1.236828088760376 0.3610803186893463 
v -3.0588936805725098 1.3515796661376953 0.34109368920326233 
v -3.070582866668701 1.4598664045333862 0.30112046003341675 
v -3.091038942337036 1.3515796661376953 0.3292097747325897 
v -3.0998058319091797 1.4485529661178589 0.29355794191360474 
v -3.073505163192749 1.2497578859329224 0.34811604022979736 
v -3.091038942337036 1.173795461654663 0.35513836145401 
v -3.1231839656829834 1.1980388164520264 0.33677226305007935 
v -3.1056504249572754 1.2610714435577393 0.33461156487464905 
v -3.1231839656829834 1.3515796661376953 0.3162454664707184 
v -3.129028558731079 1.437239408493042 0.28545525670051575 
v -3.149484634399414 1.3499635457992554 0.30112046003341675 
v -3.1582515239715576 1.4243096113204956 0.27519187331199646 
v -3.134873151779175 1.274001121520996 0.31840619444847107 
v -0.8233418464660645 -1.4380160570144653 0.7554109692573547 
v -0.6217038035392761 -1.3394266366958618 0.7840405106544495 
v -0.41422122716903687 -1.2359884977340698 0.7926833629608154 
v -0.2008940428495407 -1.0889124870300293 0.7878217101097107 
v 0.012433120049536228 -0.8658741116523743 0.7591922283172607 
v 0.2199157029390335 -0.639603316783905 0.7127368450164795 
v 0.3338850140571594 -0.5991978049278259 0.6895091533660889 
v 0.3221958577632904 -0.4117163121700287 0.6354912519454956 
v 0.450776606798172 -0.5571761131286621 0.6668216586112976 
v 0.4244759976863861 -0.3761594593524933 0.6155046224594116 
v 0.5647459030151367 -0.5151543617248535 0.6441341042518616 
v 0.5267561674118042 -0.3389863967895508 0.596058189868927 
v 0.6787152290344238 -0.4731326699256897 0.620906412601471 
v 0.6290363073348999 -0.30342957377433777 0.576071560382843 
v 0.7956068515777588 -0.4327271580696106 0.5976787209510803 
v 0.7313164472579956 -0.26787272095680237 0.5555447936058044 
v 0.912498414516449 -0.3907054364681244 0.5733706951141357 
v 0.8335965871810913 -0.23231588304042816 0.5355581641197205 
v 1.003089427947998 -0.3341377377510071 0.5415000915527344 
v 0.9212653040885925 -0.19191038608551025 0.5080090165138245 
v 1.0936803817749023 -0.2791862487792969 0.5090893507003784 
v 1.006011724472046 -0.15312109887599945 0.47883933782577515 
v 1.187193751335144 -0.22423477470874786 0.4739777445793152 
v 1.0907580852508545 -0.11594803631305695 0.4496696889400482 
v 1.2281057834625244 -0.19191038608551025 0.44480806589126587 
v 1.1404370069503784 -0.09493718296289444 0.42374110221862793 
v 1.2719401121139526 -0.16120220720767975 0.41347768902778625 
v 1.190116047859192 -0.07554253935813904 0.39565178751945496 
v 1.3157744407653809 -0.13049401342868805 0.3826874792575836 
v 1.2397949695587158 -0.056147899478673935 0.36810263991355896 
v 1.3566864728927612 -0.09978584200143814 0.3529776334762573 
v 1.2894738912582397 -0.03675325959920883 0.34055352210998535 
v 1.400520920753479 -0.06907766312360764 0.32272762060165405 
v 1.3391528129577637 -0.01735861971974373 0.3124642074108124 
v 1.4414329528808594 -0.03675325959920883 0.29517847299575806 
v 1.3888317346572876 0.003652239916846156 0.28707578778266907 
v 1.4823449850082397 0.019814439117908478 0.2741115093231201 
v 1.4326660633087158 0.058603718876838684 0.26546862721443176 
v 1.5232570171356201 0.07961457967758179 0.25790613889694214 
v 1.476500391960144 0.11355520039796829 0.24926327168941498 
v 1.5612468719482422 0.1394147127866745 0.2427811175584793 
v 1.5174124240875244 0.1717391163110733 0.23467843234539032 
v 1.6196925640106201 0.2509338855743408 0.224955216050148 
v 1.5787805318832397 0.2816420793533325 0.21631234884262085 
v 1.6781383752822876 0.3640693128108978 0.21091055870056152 
v 1.6343040466308594 0.39316126704216003 0.20226770639419556 
v 1.736584186553955 0.47720471024513245 0.19686591625213623 
v 1.6927498579025269 0.5046804547309875 0.18822304904460907 
v 1.8388643264770508 0.6436753869056702 0.1817408949136734 
v 1.7950299978256226 0.6711511015892029 0.17309802770614624 
v 1.9440667629241943 0.8101460337638855 0.16877660155296326 
v 1.8943878412246704 0.8392379879951477 0.15959355235099792 
v 2.04634690284729 0.9782329201698303 0.15743283927440643 
v 1.9937456846237183 1.0073248147964478 0.14662925899028778 
v 2.0726475715637207 1.0509628057479858 0.1558123081922531 
v 2.0200462341308594 1.0574276447296143 0.14987033605575562 
v 2.101870536804199 1.1236927509307861 0.15527212619781494 
v 2.04634690284729 1.1075304746627808 0.1541917622089386 
v 2.1310932636260986 1.1948063373565674 0.15095070004463196 
v 2.0755698680877686 1.1560170650482178 0.15527212619781494 
v -0.6217038035392761 -1.4606430530548096 0.7500091791152954 
v 2.1895391941070557 1.228747010231018 0.14284801483154297 
v 2.1544716358184814 1.1382386684417725 0.1504105180501938 
v 2.2450625896453857 1.2691525220870972 0.13744622468948364 
v 2.128170967102051 1.042881727218628 0.1520310491323471 
v 2.0989482402801514 0.9475247263908386 0.15473194420337677 
v 1.9937456846237183 0.7810540795326233 0.1660757064819336 
v 1.8856209516525269 0.6145833730697632 0.1795801818370819 
v 1.7804185152053833 0.44972896575927734 0.19524537026882172 
v 1.7219728231430054 0.33497732877731323 0.2092900276184082 
v 1.663527011871338 0.2202257215976715 0.22387485206127167 
v 1.6050812005996704 0.10547409951686859 0.24224095046520233 
v 1.5670913457870483 0.04244152083992958 0.25790613889694214 
v 1.5291016101837158 -0.01897484064102173 0.27519187331199646 
v 1.4940341711044312 -0.08039119839668274 0.2962588369846344 
v 1.4560444355010986 -0.12564535439014435 0.3243481516838074 
v 1.4209768772125244 -0.16928330063819885 0.35405799746513367 
v 1.382987141609192 -0.21130502223968506 0.3848482072353363 
v 1.3479197025299072 -0.25494295358657837 0.4167187511920929 
v 1.3099298477172852 -0.29858091473579407 0.44750896096229553 
v 1.2748624086380005 -0.3438350558280945 0.47667863965034485 
v 1.1784268617630005 -0.4133325219154358 0.5139510035514832 
v 1.0790690183639526 -0.4860624074935913 0.5469018816947937 
v 0.9826334118843079 -0.5587922930717468 0.5787724852561951 
v 0.8569749593734741 -0.6056627035140991 0.6057814359664917 
v 0.7283941507339478 -0.6541492938995361 0.6311697959899902 
v 0.602735698223114 -0.7010197043418884 0.6565582156181335 
v 0.4741549491882324 -0.747890055179596 0.6830270290374756 
v 0.3484964668750763 -0.796376645565033 0.7089555859565735 
v 0.22283799946308136 -0.8432470560073853 0.7343440055847168 
v 0.009510830044746399 -1.0662853717803955 0.7683752775192261 
v -0.2067386358976364 -1.213361382484436 0.7791788578033447 
v -0.4171435236930847 -1.3604373931884766 0.7743172645568848 
v -0.4200657904148102 -1.4816539287567139 0.7397457957267761 
v -0.21258321404457092 -1.3410427570343018 0.7651342153549194 
v -0.21842779219150543 -1.462259292602539 0.7338038086891174 
v 0.0036662500351667404 -1.1923505067825317 0.7624333500862122 
v 0.2199157029390335 -1.0436583757400513 0.7451475858688354 
v 0.3601856231689453 -0.9903230667114258 0.7192190289497375 
v 0.49753326177597046 -0.9369878172874451 0.6900493502616882 
v 0.6378031969070435 -0.8836525678634644 0.6608796715736389 
v 0.7751508355140686 -0.8303172588348389 0.6338707208633423 
v 0.9154207110404968 -0.7769820094108582 0.6068617701530457 
v 1.052768349647522 -0.7236467599868774 0.5771519541740417 
v 1.1550484895706177 -0.6363708972930908 0.5452813506126404 
v 1.2573286294937134 -0.5490949749946594 0.5123304724693298 
v 1.3566864728927612 -0.4618191123008728 0.4739777445793152 
v 1.3888317346572876 -0.4052514135837555 0.4458884298801422 
v 1.4209768772125244 -0.3502999544143677 0.4150982201099396 
v 1.450199842453003 -0.293732225894928 0.38430801033973694 
v 1.4823449850082397 -0.23878076672554016 0.3535178303718567 
v 1.5115678310394287 -0.18221305310726166 0.32326778769493103 
v 1.543713092803955 -0.12564535439014435 0.2940981388092041 
v 1.5787805318832397 -0.060996558517217636 0.27357131242752075 
v 1.613848090171814 0.005268460139632225 0.25574541091918945 
v 1.6489155292510986 0.07153347879648209 0.23954005539417267 
v 1.7073613405227661 0.1879013180732727 0.221173956990242 
v 1.7628848552703857 0.3042691648006439 0.2055087685585022 
v 1.8213306665420532 0.42063701152801514 0.1914641261100769 
v 1.9323776960372925 0.5871076583862305 0.1757989227771759 
v 2.043424606323242 0.7519621253013611 0.1617542803287506 
v 2.1515493392944336 0.9184327721595764 0.14933015406131744 
v 2.1778500080108643 1.03641676902771 0.14878997206687927 
v 2.204150676727295 1.1560170650482178 0.14716944098472595 
v 2.2684409618377686 1.1527847051620483 0.16337481141090393 
v 2.236295700073242 1.0622763633728027 0.16121409833431244 
v 2.3239645957946777 1.03480064868927 0.16283462941646576 
v 2.2070729732513428 0.9717680215835571 0.15311141312122345 
v 2.180772304534912 0.8812596797943115 0.14500872790813446 
v 2.069725275039673 0.7196376919746399 0.15635249018669128 
v 1.9557559490203857 0.5563994646072388 0.1698569655418396 
v 1.8476312160491943 0.39316126704216003 0.18660250306129456 
v 1.7891854047775269 0.2767934203147888 0.20064716041088104 
v 1.7336618900299072 0.1604255735874176 0.21631234884262085 
v 1.6781383752822876 0.04405774176120758 0.23467843234539032 
v 1.6459932327270508 -0.02382349967956543 0.2503436207771301 
v 1.613848090171814 -0.09170474112033844 0.26708918809890747 
v 1.5817028284072876 -0.15958598256111145 0.28761598467826843 
v 1.5583245754241943 -0.22423477470874786 0.3162454664707184 
v 1.5349462032318115 -0.2872673571109772 0.3459553122520447 
v 1.5115678310394287 -0.3502999544143677 0.37566515803337097 
v 1.479422688484192 -0.4052514135837555 0.40537500381469727 
v 1.447277545928955 -0.4585866928100586 0.4345446825027466 
v 1.4122099876403809 -0.5135381817817688 0.46047326922416687 
v 1.3099298477172852 -0.6153600215911865 0.5004464983940125 
v 1.2047274112701416 -0.7171818614006042 0.5344777703285217 
v 1.099524974822998 -0.8190037608146667 0.5663483738899231 
v 0.9534105062484741 -0.8885012269020081 0.6003796458244324 
v 0.8043736815452576 -0.9579986333847046 0.6306296586990356 
v 0.6553369164466858 -1.027496099472046 0.659799337387085 
v 0.506300151348114 -1.0743664503097534 0.6889689564704895 
v 0.3601856231689453 -1.1228530406951904 0.7175984382629395 
v 0.21114884316921234 -1.1697235107421875 0.7424467206001282 
v -0.005100619979202747 -1.3184157609939575 0.7516297698020935 
v -0.01678978092968464 -1.4396321773529053 0.7240806221961975 
v 0.19945968687534332 -1.2941724061965942 0.7343440055847168 
v 0.1819259375333786 -1.4153889417648315 0.7100359797477722 
v 0.35141876339912415 -1.3830645084381104 0.6862680912017822 
v 0.35726332664489746 -1.2553831338882446 0.7105761170387268 
v 0.5179892778396606 -1.3491239547729492 0.6587189435958862 
v 0.5150669813156128 -1.213361382484436 0.6830270290374756 
v 0.6845598220825195 -1.3119508028030396 0.627388596534729 
v 0.6728706359863281 -1.171339750289917 0.6533171534538269 
v 0.8306742906570435 -1.0872962474822998 0.623607337474823 
v 0.8540526628494263 -1.2149776220321655 0.598759114742279 
v 1.0206232070922852 -1.113155722618103 0.563647449016571 
v 0.9884780049324036 -1.0016366243362427 0.5895760655403137 
v 1.1842714548110962 -1.008101463317871 0.5242143869400024 
v 1.1433593034744263 -0.9143607020378113 0.5512233376502991 
v 1.3011629581451416 -0.8804200887680054 0.4950447082519531 
v 1.3391528129577637 -0.9693121910095215 0.41725894808769226 
v 1.2222611904144287 -1.1002260446548462 0.44264736771583557 
v 1.3712979555130005 -1.0533556938171387 0.327589213848114 
v 1.2485617399215698 -1.1858856678009033 0.3497365713119507 
v 1.382987141609192 -1.1228530406951904 0.22657574713230133 
v 1.2573286294937134 -1.2537668943405151 0.24440166354179382 
v 1.4998787641525269 -0.9838581681251526 0.2076694816350937 
v 1.4881895780563354 -0.9143607020378113 0.30328115820884705 
v 1.6109257936477661 -0.8400145769119263 0.18876323103904724 
v 1.5963143110275269 -0.7721333503723145 0.27519187331199646 
v 1.643070936203003 -0.762436032295227 0.18012036383152008 
v 1.6284594535827637 -0.7026358842849731 0.2600668668746948 
v 1.6693716049194336 -0.6832412481307983 0.17093731462955475 
v 1.4560444355010986 -0.8351659178733826 0.38754910230636597 
v 1.4122099876403809 -0.7495062947273254 0.46101343631744385 
v 1.2544063329696655 -0.7996091246604919 0.5204331278800964 
v 1.362531065940857 -0.6832412481307983 0.4853214919567108 
v 1.5612468719482422 -0.6961710453033447 0.35243746638298035 
v 1.5963143110275269 -0.6363708972930908 0.33299100399017334 
v 1.6576824188232422 -0.6315222382545471 0.24386148154735565 
v 1.6927498579025269 -0.6024302840232849 0.1617542803287506 
v 1.6810606718063354 -0.5587922930717468 0.22657574713230133 
v 1.6313817501068115 -0.5765707492828369 0.3119240403175354 
v 1.66060471534729 -0.5151543617248535 0.2886963486671448 
v 1.5174124240875244 -0.6185924410820007 0.4205000102519989 
v 1.4677335023880005 -0.56525719165802 0.4442678987979889 
v 1.5057233572006226 -0.5135381817817688 0.4199598431587219 
v 1.5583245754241943 -0.5701058506965637 0.39781248569488525 
v 1.5963143110275269 -0.5200030207633972 0.3729642629623413 
v 1.5407907962799072 -0.4602029025554657 0.39403125643730164 
v 1.575858235359192 -0.4084838628768921 0.3654017448425293 
v 1.6284594535827637 -0.4699002206325531 0.3459553122520447 
v 1.640148639678955 -0.3907054364681244 0.319486528635025 
v 1.5904697179794312 -0.3373701870441437 0.33677226305007935 
v 1.6459932327270508 -0.3098944425582886 0.29139724373817444 
v 1.6050812005996704 -0.26625651121139526 0.30706241726875305 
v 1.622614860534668 -0.19514282047748566 0.2789731025695801 
v 1.6489155292510986 -0.12402913719415665 0.25952666997909546 
v 1.6810606718063354 -0.15796975791454315 0.24656237661838531 
v 1.7073613405227661 -0.08523985743522644 0.23035700619220734 
v 1.6781383752822876 -0.054531678557395935 0.2427811175584793 
v 1.7336618900299072 -0.012509959749877453 0.21577216684818268 
v 1.6576824188232422 -0.23069965839385986 0.26546862721443176 
v 1.7073613405227661 0.014965780079364777 0.22765611112117767 
v 1.759962558746338 0.1329498440027237 0.2092900276184082 
v 1.8154860734939575 0.24931767582893372 0.1936248391866684 
v 1.835942029953003 0.2218419462442398 0.18228107690811157 
v 1.8914655447006226 0.33982598781585693 0.16931678354740143 
v 1.8710095882415771 0.36568552255630493 0.18012036383152008 
v 2.0025126934051514 0.49659934639930725 0.1504105180501938 
v 1.7833408117294312 0.10547409951686859 0.19794626533985138 
v 1.9820566177368164 0.5273075103759766 0.16283462941646576 
v 2.0931036472320557 0.685697078704834 0.14933015406131744 
v 2.2099952697753906 0.8440866470336914 0.1385265737771988 
v 2.236295700073242 0.8069135546684265 0.12556228041648865 
v 2.277207851409912 0.8473190665245056 0.12556228041648865 
v 2.2450625896453857 0.908735454082489 0.1444685459136963 
v 2.318120002746582 0.8861083388328552 0.12772299349308014 
v 2.1194043159484863 0.6533727049827576 0.1363658607006073 
v 2.283052444458008 0.9717680215835571 0.15257123112678528 
v 2.359031915664673 0.9232814311981201 0.1304238885641098 
v -1.024979829788208 -1.410540223121643 0.7559511661529541 
v -0.8350309729576111 -1.5511513948440552 0.643593966960907 
v -0.8233418464660645 -1.4380160570144653 0.7554109692573547 
v -0.6304706931114197 -1.5753947496414185 0.6376519799232483 
v -0.6217038035392761 -1.4606430530548096 0.7500091791152954 
v -0.42298808693885803 -1.5947893857955933 0.6279287338256836 
v -0.4200657904148102 -1.4816539287567139 0.7397457957267761 
v -0.21550549566745758 -1.5770108699798584 0.6219868063926697 
v -0.21842779219150543 -1.462259292602539 0.7338038086891174 
v -0.010945199988782406 -1.5543838739395142 0.6117233633995056 
v -0.01678978092968464 -1.4396321773529053 0.7240806221961975 
v 0.19361509382724762 -1.5285242795944214 0.5982189178466797 
v 0.1819259375333786 -1.4153889417648315 0.7100359797477722 
v 0.36895251274108887 -1.4929674863815308 0.5787724852561951 
v 0.35141876339912415 -1.3830645084381104 0.6862680912017822 
v 0.5442898869514465 -1.4557944536209106 0.5571653246879578 
v 0.5179892778396606 -1.3491239547729492 0.6587189435958862 
v 0.7167050242424011 -1.410540223121643 0.5296161770820618 
v 0.6845598220825195 -1.3119508028030396 0.627388596534729 
v 0.8891201019287109 -1.313567042350769 0.5058482885360718 
v 0.8540526628494263 -1.2149776220321655 0.598759114742279 
v 1.0586129426956177 -1.2101290225982666 0.4772188067436218 
v 1.0206232070922852 -1.113155722618103 0.563647449016571 
v 1.2222611904144287 -1.1002260446548462 0.44264736771583557 
v 1.1842714548110962 -1.008101463317871 0.5242143869400024 
v 1.2485617399215698 -1.1858856678009033 0.3497365713119507 
v 1.0878357887268066 -1.2974048852920532 0.37620532512664795 
v 0.9183430075645447 -1.4024591445922852 0.39943304657936096 
v 0.743005633354187 -1.4978160858154297 0.4188794791698456 
v 0.5647459030151367 -1.5479189157485962 0.43940627574920654 
v 0.38356393575668335 -1.5883244276046753 0.4556116461753845 
v 0.20238196849822998 -1.6238813400268555 0.4701964855194092 
v -0.008022909983992577 -1.6529732942581177 0.4831607937812805 
v -0.21550549566745758 -1.675600290298462 0.4934241771697998 
v -0.4259103834629059 -1.6917625665664673 0.5015268921852112 
v -0.6363152861595154 -1.673984169960022 0.5101697444915771 
v 1.2573286294937134 -1.2537668943405151 0.24440166354179382 
v 1.099524974822998 -1.3669023513793945 0.2622275650501251 
v -0.4317549467086792 -1.7612600326538086 0.3616205155849457 
v -0.21842779219150543 -1.7450977563858032 0.351897269487381 
v -0.008022909983992577 -1.722470760345459 0.34109368920326233 
v 0.20238196849822998 -1.6933788061141968 0.3297499418258667 
v 0.38940852880477905 -1.656205654144287 0.31894636154174805 
v 0.5764350891113281 -1.614184021949768 0.3076026141643524 
v 0.7605393528938293 -1.562464952468872 0.29517847299575806 
v 0.9300321936607361 -1.4687241315841675 0.2789731025695801 
v -0.6421598196029663 -1.7450977563858032 0.36810263991355896 
v -0.8467201590538025 -1.6497408151626587 0.5155715346336365 
v -0.8525646924972534 -1.7208545207977295 0.37404462695121765 
v -1.0571249723434448 -1.6174163818359375 0.5177322626113892 
v -1.0629695653915405 -1.6885300874710083 0.37836605310440063 
v -1.0425136089324951 -1.522059440612793 0.6441341042518616 
v -1.3113642930984497 -1.2990211248397827 0.7672949433326721 
v -1.3376648426055908 -1.4121564626693726 0.6538573503494263 
v -1.5977486371994019 -1.1810370683670044 0.7710762023925781 
v -1.3610432147979736 -1.5091296434402466 0.5236741900444031 
v -1.3698101043701172 -1.5802433490753174 0.379446417093277 
v -1.0688141584396362 -1.6465083360671997 0.22819629311561584 
v -1.3727322816848755 -1.5398378372192383 0.22387485206127167 
v -1.0629695653915405 -1.578627109527588 0.08450867980718613 
v -1.3610432147979736 -1.470340371131897 0.0753256306052208 
v -1.054202675819397 -1.4929674863815308 -0.04891553521156311 
v -1.3435094356536865 -1.3830645084381104 -0.05971911549568176 
v -1.6532721519470215 -1.3507400751113892 0.07208456099033356 
v -1.6298938989639282 -1.2666966915130615 -0.06512090563774109 
v -1.942578911781311 -1.2182101011276245 0.07586581259965897 
v -1.9133559465408325 -1.1406315565109253 -0.06133965402841568 
v -1.9601125717163086 -1.2780102491378784 0.2233346849679947 
v -1.6708059310913086 -1.417005181312561 0.22225432097911835 
v -1.6708059310913086 -1.4574106931686401 0.3789062201976776 
v -1.6591167449951172 -1.3862969875335693 0.5236741900444031 
v -1.632816195487976 -1.2925561666488647 0.656018078327179 
v -1.8812108039855957 -1.056588053703308 0.7635136842727661 
v -1.9192005395889282 -1.1600261926651 0.6473751664161682 
v -1.9484235048294067 -1.2489182949066162 0.5171920657157898 
v -1.9630348682403564 -1.316799521446228 0.37620532512664795 
v -2.1208386421203613 -0.8513281345367432 0.7527101039886475 
v -2.167595148086548 -0.9515337944030762 0.6381921768188477 
v -2.20558500289917 -1.0404258966445923 0.5074688196182251 
v -2.223118782043457 -1.108307123184204 0.3648615777492523 
v -2.4481351375579834 -0.8173875212669373 0.49018311500549316 
v -2.4685909748077393 -0.8836525678634644 0.351357102394104 
v -2.3546218872070312 -0.6379870772361755 0.7305627465248108 
v -2.4072229862213135 -0.7333440780639648 0.6182055473327637 
v -2.5825603008270264 -0.4214136302471161 0.6981520056724548 
v -2.6380839347839355 -0.5070732831954956 0.5890358686447144 
v -2.72867488861084 -0.18382927775382996 0.6760047078132629 
v -2.787120819091797 -0.26625651121139526 0.5690492391586304 
v -2.8660225868225098 0.05537128075957298 0.6457546353340149 
v -2.6789960861206055 -0.5830356478691101 0.4674955904483795 
v -2.8338773250579834 -0.3406026065349579 0.4480491578578949 
v -2.9303128719329834 -0.02059105969965458 0.5420402884483337 
v -2.997525691986084 0.2978042662143707 0.6057814359664917 
v -3.0588936805725098 0.2299230396747589 0.5058482885360718 
v -2.977069616317749 -0.08847229927778244 0.42374110221862793 
v -2.857255697250366 -0.4020189940929413 0.3178659975528717 
v -2.6994519233703613 -0.6460682153701782 0.33677226305007935 
v -3.000447988510132 -0.14827243983745575 0.2978793680667877 
v -3.1056504249572754 0.1685066819190979 0.3945714235305786 
v -3.131950855255127 0.11193898320198059 0.2768124043941498 
v -2.8075766563415527 1.1059142351150513 -0.12454059720039368 
v -2.7578978538513184 1.03641676902771 -0.1396656036376953 
v -2.72867488861084 1.1204602718353271 -0.05539768561720848 
v -2.6760737895965576 1.0509628057479858 -0.0629601925611496 
v -2.705296516418457 0.9685356020927429 -0.15425044298171997 
v -2.626394748687744 0.9814653396606445 -0.07052269577980042 
v -2.652695417404175 0.8974218964576721 -0.1677549183368683 
v -2.5387260913848877 0.8650975227355957 -0.08510752767324448 
v -2.570871353149414 0.7778216004371643 -0.19206297397613525 
v -2.4510574340820312 0.7471134662628174 -0.09861200302839279 
v -2.4861247539520264 0.6582213640213013 -0.2169112116098404 
v -2.3692331314086914 0.6291294097900391 -0.11103612184524536 
v -2.4043006896972656 0.5353886485099792 -0.23689782619476318 
v -2.2289633750915527 0.43518298864364624 -0.10563433170318604 
v -2.264030694961548 0.33982598781585693 -0.236357644200325 
v -2.091615676879883 0.2396203577518463 -0.09861200302839279 
v -2.123760938644409 0.1426471620798111 -0.23365674912929535 
v -1.9484235048294067 0.04890640079975128 -0.10023254156112671 
v -1.9805686473846436 -0.052915461361408234 -0.2385183721780777 
v -1.8169203996658325 -0.04321813955903053 -0.10023254156112671 
v -1.846143364906311 -0.14504000544548035 -0.24337998032569885 
v -1.6795728206634521 -0.13049401342868805 -0.1061745136976242 
v -1.7087956666946411 -0.23554831743240356 -0.25310319662094116 
v -1.5422251224517822 -0.21776990592479706 -0.11319683492183685 
v -1.568525791168213 -0.3244404196739197 -0.26282641291618347 
v -1.384421467781067 -0.29049980640411377 -0.10671468824148178 
v -1.4077998399734497 -0.3971703052520752 -0.2558040916919708 
v -1.2266178131103516 -0.3616134822368622 -0.10185308009386063 
v -1.2470738887786865 -0.468284010887146 -0.24878177046775818 
v -1.0658918619155884 -0.429494708776474 -0.1023932546377182 
v -1.0834256410598755 -0.5377814769744873 -0.24716122448444366 
v -0.8584092855453491 -0.4585866928100586 -0.10293343663215637 
v -0.8730207681655884 -0.56525719165802 -0.24824158847332 
v -0.6509267091751099 -0.4812137484550476 -0.10941558331251144 
v -0.6626158952713013 -0.5895004868507385 -0.25526392459869385 
v -0.4434441328048706 -0.5022246241569519 -0.11913880705833435 
v -0.4492886960506439 -0.6121276021003723 -0.2644469439983368 
v -0.2330392450094223 -0.4828299880027771 -0.11319683492183685 
v -0.2388838231563568 -0.5878843069076538 -0.2541835606098175 
v -0.025556650012731552 -0.4602029025554657 -0.11049593985080719 
v -0.025556650012731552 -0.5636409521102905 -0.24500051140785217 
v 0.1819259375333786 -0.4343433678150177 -0.11157629638910294 
v 0.18484823405742645 -0.5377814769744873 -0.23959872126579285 
v 0.18484823405742645 -0.3648459315299988 0.03751310333609581 
v -0.022634359076619148 -0.3923216462135315 0.04399525374174118 
v -0.23011694848537445 -0.4149487316608429 0.04831668362021446 
v -0.4375995397567749 -0.4311109483242035 0.04993722215294838 
v 0.19069281220436096 -0.3147431015968323 0.19092394411563873 
v -0.01678978092968464 -0.3454512655735016 0.20172752439975739 
v -0.22427237033843994 -0.368078351020813 0.21253110468387604 
v -0.4317549467086792 -0.3826243281364441 0.22171413898468018 
v -0.6450821161270142 -0.4149487316608429 0.05858008563518524 
v -0.6392375230789185 -0.368078351020813 0.22819629311561584 
v -0.8496424555778503 -0.3923216462135315 0.06506223231554031 
v -0.8467201590538025 -0.3438350558280945 0.23413826525211334 
v -1.0571249723434448 -0.3583810329437256 0.06668277084827423 
v -1.217850923538208 -0.293732225894928 0.0672229453921318 
v -1.054202675819397 -0.3098944425582886 0.23845969140529633 
v -1.2149286270141602 -0.24524563550949097 0.23845969140529633 
v -1.0425136089324951 -0.3228242099285126 0.4167187511920929 
v -1.2032395601272583 -0.25817540287971497 0.41563841700553894 
v -1.0395913124084473 -0.3583810329437256 0.5965983867645264 
v -1.2003172636032104 -0.2921160161495209 0.594977855682373 
v -1.045435905456543 -0.4359596073627472 0.7608127593994141 
v -1.2061618566513062 -0.3664621412754059 0.7613529562950134 
v -1.3581209182739258 -0.21938611567020416 0.5976787209510803 
v -1.3698101043701172 -0.293732225894928 0.7662145495414734 
v -1.3610432147979736 -0.18706172704696655 0.4161785840988159 
v -1.3727322816848755 -0.17251573503017426 0.23737932741641998 
v -1.3756545782089233 -0.22261856496334076 0.06452205032110214 
v -1.5305360555648804 -0.14665621519088745 0.05966044217348099 
v -1.5305360555648804 -0.09493718296289444 0.2352186143398285 
v -1.518846869468689 -0.11109937727451324 0.41725894808769226 
v -1.5159245729446411 -0.14504000544548035 0.6014599800109863 
v -1.5305360555648804 -0.22100234031677246 0.7705360054969788 
v -1.6532721519470215 -0.060996558517217636 0.587415337562561 
v -1.6678836345672607 -0.13372646272182465 0.7537904381752014 
v -1.6561944484710693 -0.02867216058075428 0.40807589888572693 
v -1.6708059310913086 -0.010893739759922028 0.23251771926879883 
v -1.6708059310913086 -0.06261277943849564 0.06290151923894882 
v -1.8052312135696411 0.02304687909781933 0.06398187577724457 
v -1.8052312135696411 0.07638213783502579 0.22873647511005402 
v -1.7935421466827393 0.05698750168085098 0.39997321367263794 
v -1.7906198501586914 0.024663100019097328 0.5749912261962891 
v -1.808153510093689 -0.04645058140158653 0.7370449304580688 
v -1.922122836112976 0.11678764224052429 0.5663483738899231 
v -1.9455012083053589 0.04567395895719528 0.7240806221961975 
v -1.922122836112976 0.1523444801568985 0.39403125643730164 
v -1.9367343187332153 0.1733553409576416 0.22387485206127167 
v -1.9367343187332153 0.118403859436512 0.061280980706214905 
v -2.0828487873077393 0.305885374546051 0.05587919056415558 
v -2.0828487873077393 0.36245307326316833 0.21037037670612335 
v -2.0682373046875 0.33820977807044983 0.3729642629623413 
v -2.0682373046875 0.3042691648006439 0.5382590293884277 
v -2.088693380355835 0.2363879233598709 0.6922100782394409 
v -2.20558500289917 0.49983176589012146 0.5166518688201904 
v -2.226041078567505 0.43195053935050964 0.6662814617156982 
v -2.202662706375122 0.5353886485099792 0.35513836145401 
v -2.2172741889953613 0.5612481236457825 0.19524537026882172 
v -2.2172741889953613 0.5030642151832581 0.04399525374174118 
v -2.3516995906829834 0.6986268162727356 0.034272029995918274 
v -2.3516995906829834 0.7584269642829895 0.18066054582595825 
v -2.34293270111084 0.7293350100517273 0.33623209595680237 
v -2.3458549976348877 0.6905457377433777 0.4928840100765228 
v -2.3692331314086914 0.6242806911468506 0.6376519799232483 
v -2.4306013584136963 0.8052973747253418 0.4637143313884735 
v -2.453979730606079 0.7406485676765442 0.598759114742279 
v -2.4276790618896484 0.8457028865814209 0.3173258304595947 
v -2.436445951461792 0.8747948408126831 0.1720176786184311 
v -2.436445951461792 0.8166108727455139 0.03589256852865219 
v -2.5211923122406006 0.934594988822937 0.03697292506694794 
v -2.5182700157165527 0.9943950772285461 0.16337481141090393 
v -2.509503126144409 0.9620707035064697 0.29895973205566406 
v -2.5182700157165527 0.9184327721595764 0.4340044856071472 
v -2.5416483879089355 0.8537839651107788 0.5577054619789124 
v -2.605938673019409 1.031568169593811 0.4032142758369446 
v -2.626394748687744 0.9669193625450134 0.5166518688201904 
v -2.5971717834472656 1.0752060413360596 0.27951329946517944 
v -2.6030163764953613 1.1107629537582397 0.15473194420337677 
v -2.605938673019409 1.0509628057479858 0.0396738201379776 
v -2.6585400104522705 1.1204602718353271 0.040754176676273346 
v -2.652695417404175 1.180260419845581 0.14987033605575562 
v -2.649773120880127 1.1447035074234009 0.2687097191810608 
v -2.6585400104522705 1.0978331565856934 0.3853883743286133 
v -2.6789960861206055 1.0331844091415405 0.4928840100765228 
v -2.7111411094665527 1.1640981435775757 0.3686428368091583 
v -2.7345194816589355 1.0978331565856934 0.46857595443725586 
v -2.6994519233703613 1.2142009735107422 0.25790613889694214 
v -2.702374219894409 1.2529902458190918 0.1444685459136963 
v -2.708218812942505 1.191573977470398 0.04129435867071152 
v -2.781276226043701 1.188341498374939 -0.04621464014053345 
v -2.7578978538513184 1.2610714435577393 0.042914893478155136 
v -2.7520532608032227 1.322487711906433 0.13906675577163696 
v -2.7520532608032227 1.2820823192596436 0.24656237661838531 
v -2.763742446899414 1.2303632497787476 0.350816935300827 
v -2.787120819091797 1.1640981435775757 0.4442678987979889 
v -2.822188138961792 1.322487711906433 0.31678563356399536 
v -2.8367996215820312 1.2691525220870972 0.39781248569488525 
v -2.8104989528656006 1.3645094633102417 0.2271159291267395 
v -2.8134212493896484 1.396833896636963 0.1342051476240158 
v -2.819265842437744 1.345114827156067 0.04993722215294838 
v -2.8367996215820312 1.2869309186935425 -0.027848554775118828 
v -2.857255697250366 1.2190496921539307 -0.09537093341350555 
v -2.9098567962646484 1.2142009735107422 -0.0905093178153038 
v -2.8660225868225098 1.0994493961334229 -0.11589772999286652 
v -2.9624581336975098 1.2045036554336548 -0.07754502445459366 
v -2.92154598236084 1.088135838508606 -0.0964512899518013 
v -3.012136936187744 1.1931902170181274 -0.0629601925611496 
v -2.974147319793701 1.076822280883789 -0.07700484246015549 
v -3.050126791000366 1.3127903938293457 -0.05323696881532669 
v -3.0033700466156006 1.322487711906433 -0.062420010566711426 
v -2.953691244125366 1.3305689096450806 -0.06782180070877075 
v -2.9040122032165527 1.33380126953125 -0.06728161871433258 
v -2.8894009590148926 1.3871365785598755 -0.010562826879322529 
v -2.877711772918701 1.4323906898498535 0.05587919056415558 
v -2.8747894763946533 1.4695637226104736 0.12880335748195648 
v -2.8718671798706055 1.4485529661178589 0.20820966362953186 
v -2.877711772918701 1.4178447723388672 0.2838347256183624 
v -2.8894009590148926 1.3758230209350586 0.350816935300827 
v -2.9449243545532227 1.5002719163894653 0.24062040448188782 
v -2.9449243545532227 1.474412441253662 0.2946383059024811 
v -3.0822720527648926 1.4275420904159546 -0.0224467646330595 
v -3.0413599014282227 1.4356231689453125 -0.027848554775118828 
v -2.9449243545532227 1.5180504322052002 0.1839016079902649 
v -2.9507689476013184 1.5293638706207275 0.12610246241092682 
v -2.9507689476013184 1.5067368745803833 0.07100420445203781 
v -2.9507689476013184 1.477644920349121 0.01914701797068119 
v -2.956613540649414 1.442088007926941 -0.028928913176059723 
v -2.997525691986084 1.4404717683792114 -0.030009271577000618 
v 1.3888317346572876 0.003652239916846156 0.28707578778266907 
v 1.3391528129577637 -0.01735861971974373 0.3124642074108124 
v 1.3245413303375244 0.03597664088010788 0.24980345368385315 
v 1.2777847051620483 0.019814439117908478 0.26979008316993713 
v 1.2894738912582397 -0.03675325959920883 0.34055352210998535 
v 1.2281057834625244 0.003652239916846156 0.28977668285369873 
v 1.2397949695587158 -0.056147899478673935 0.36810263991355896 
v 1.1784268617630005 -0.012509959749877453 0.3103035092353821 
v 1.190116047859192 -0.07554253935813904 0.39565178751945496 
v 1.1258256435394287 -0.03028837963938713 0.3297499418258667 
v 1.1404370069503784 -0.09493718296289444 0.42374110221862793 
v 1.0761467218399048 -0.048066798597574234 0.3491963744163513 
v 1.0907580852508545 -0.11594803631305695 0.4496696889400482 
v 0.9884780049324036 -0.08362364023923874 0.37188389897346497 
v 1.006011724472046 -0.15312109887599945 0.47883933782577515 
v 0.9037315845489502 -0.12241291999816895 0.39349105954170227 
v 0.9212653040885925 -0.19191038608551025 0.5080090165138245 
v 0.816062867641449 -0.16120220720767975 0.4150982201099396 
v 0.8335965871810913 -0.23231588304042816 0.5355581641197205 
v 0.7137827277183533 -0.19675904512405396 0.4307634234428406 
v 0.7313164472579956 -0.26787272095680237 0.5555447936058044 
v 0.6115025877952576 -0.23231588304042816 0.4464285969734192 
v 0.6290363073348999 -0.30342957377433777 0.576071560382843 
v 0.5092224478721619 -0.26787272095680237 0.46263396739959717 
v 0.5267561674118042 -0.3389863967895508 0.596058189868927 
v 0.4098645746707916 -0.30342957377433777 0.47829917073249817 
v 0.4244759976863861 -0.3761594593524933 0.6155046224594116 
v 0.30758440494537354 -0.3389863967895508 0.4934241771697998 
v 0.3221958577632904 -0.4117163121700287 0.6354912519454956 
v 0.2082265466451645 -0.3713108003139496 0.5107098817825317 
v 0.2199157029390335 -0.4472731351852417 0.6565582156181335 
v 0.0007439599721692502 -0.3955540955066681 0.5312367081642151 
v 0.009510830044746399 -0.4699002206325531 0.6830270290374756 
v -0.20966091752052307 -0.4149487316608429 0.5544643998146057 
v -0.2008940428495407 -0.4892948567867279 0.7132770419120789 
v -0.4171435236930847 -0.4311109483242035 0.579852819442749 
v -0.411298930644989 -0.5103057026863098 0.7440672516822815 
v -0.624626100063324 -0.4117163121700287 0.5820135474205017 
v -0.6217038035392761 -0.4876786470413208 0.7467681169509888 
v -0.8321086764335632 -0.3890892267227173 0.5868751406669617 
v -0.8350309729576111 -0.4634353518486023 0.7516297698020935 
v -1.0395913124084473 -0.3583810329437256 0.5965983867645264 
v -1.045435905456543 -0.4359596073627472 0.7608127593994141 
v -1.0425136089324951 -0.3228242099285126 0.4167187511920929 
v -0.8379532694816589 -0.3567648231983185 0.40915626287460327 
v -0.6304706931114197 -0.3793919086456299 0.4042946398258209 
v -0.42298808693885803 -0.3955540955066681 0.39997321367263794 
v -0.21550549566745758 -0.3826243281364441 0.38214731216430664 
v -0.010945199988782406 -0.3599972724914551 0.36594194173812866 
v 0.19653739035129547 -0.3325215280056 0.351357102394104 
v 0.29881754517555237 -0.30019712448120117 0.33893299102783203 
v 0.3981753885746002 -0.26140785217285156 0.327589213848114 
v 0.49753326177597046 -0.22585099935531616 0.3162454664707184 
v 0.5998134016990662 -0.19029416143894196 0.3043615221977234 
v 0.7020935416221619 -0.15312109887599945 0.29301777482032776 
v 0.8014514446258545 -0.11594803631305695 0.28113383054733276 
v 0.8891201019287109 -0.07715875655412674 0.26708918809890747 
v 0.9738665223121643 -0.03513703867793083 0.2530445158481598 
v 1.0615352392196655 0.002036019926890731 0.23845969140529633 
v 1.1112141609191895 0.019814439117908478 0.2271159291267395 
v 1.1608930826187134 0.03759286180138588 0.21577216684818268 
v 1.2134943008422852 0.05213883891701698 0.20388823747634888 
v 1.263173222541809 0.06506860256195068 0.1914641261100769 
v -1.054202675819397 -0.3098944425582886 0.23845969140529633 
v -0.8467201590538025 -0.3438350558280945 0.23413826525211334 
v 1.2047274112701416 0.08123079687356949 0.11151763051748276 
v 1.1521261930465698 0.06506860256195068 0.11475870013237 
v 1.102447271347046 0.04729017987847328 0.1185399517416954 
v 1.052768349647522 0.03112797997891903 0.12232120335102081 
v 0.9650996327400208 -0.007661299780011177 0.12988370656967163 
v 1.0673798322677612 -0.17898061871528625 -0.17045581340789795 
v 1.0586129426956177 -0.09170474112033844 -0.08510752767324448 
v 0.97971111536026 -0.22100234031677246 -0.1850406378507614 
v 0.9709442257881165 -0.13049401342868805 -0.09375039488077164 
v 0.8920423984527588 -0.26464027166366577 -0.1990852952003479 
v 0.88327556848526 -0.17251573503017426 -0.09969235956668854 
v 0.8043736815452576 -0.30827823281288147 -0.21150942146778107 
v 0.7956068515777588 -0.21292124688625336 -0.10671468824148178 
v 0.7020935416221619 -0.3454512655735016 -0.21637102961540222 
v 0.6933267116546631 -0.25009429454803467 -0.10725487023591995 
v 0.5968911051750183 -0.3842405676841736 -0.22123263776302338 
v 0.5910465121269226 -0.2888835668563843 -0.10779504477977753 
v 0.4946109652519226 -0.4230298399925232 -0.22555406391620636 
v 0.4887664020061493 -0.3244404196739197 -0.1083352267742157 
v 0.3923308253288269 -0.4618191123008728 -0.22933532297611237 
v 0.3864862322807312 -0.3616134822368622 -0.10887540131807327 
v 0.2900506556034088 -0.5006083846092224 -0.23365674912929535 
v 0.2842060923576355 -0.4004027545452118 -0.10887540131807327 
v 0.18484823405742645 -0.5377814769744873 -0.23959872126579285 
v 0.1819259375333786 -0.4343433678150177 -0.11157629638910294 
v 0.28712838888168335 -0.3309052884578705 0.03535238653421402 
v 0.18484823405742645 -0.3648459315299988 0.03751310333609581 
v 0.29297295212745667 -0.28080248832702637 0.18336144089698792 
v 0.19069281220436096 -0.3147431015968323 0.19092394411563873 
v -0.01678978092968464 -0.3454512655735016 0.20172752439975739 
v -0.22427237033843994 -0.368078351020813 0.21253110468387604 
v -0.4317549467086792 -0.3826243281364441 0.22171413898468018 
v -0.6392375230789185 -0.368078351020813 0.22819629311561584 
v 1.052768349647522 -0.02059105969965458 0.014285407029092312 
v 0.9650996327400208 -0.059380341321229935 0.014285407029092312 
v 0.3923308253288269 -0.24201320111751556 0.1757989227771759 
v 0.3864862322807312 -0.2921160161495209 0.031030956655740738 
v 0.48584410548210144 -0.25494295358657837 0.02724970318377018 
v 0.49168866872787476 -0.20322391390800476 0.16769623756408691 
v 0.5939688086509705 -0.16766707599163055 0.1601337343454361 
v 0.5881242752075195 -0.21776990592479706 0.02346844971179962 
v 0.6904044151306152 -0.18059684336185455 0.019687196239829063 
v 0.6962490081787109 -0.13049401342868805 0.15257123112678528 
v 0.7956068515777588 -0.09170474112033844 0.14500872790813446 
v 0.7926845550537109 -0.14342378079891205 0.015905944630503654 
v 0.8774309754371643 -0.10301827639341354 0.015365765430033207 
v 0.8803532719612122 -0.051299240440130234 0.13744622468948364 
v 1.3742202520370483 0.05698750168085098 0.23197753727436066 
v 1.4326660633087158 0.058603718876838684 0.26546862721443176 
v 1.4180545806884766 0.10709031671285629 0.21307127177715302 
v 1.476500391960144 0.11355520039796829 0.24926327168941498 
v 1.4618889093399048 0.1636580228805542 0.20010697841644287 
v 1.5174124240875244 0.1717391163110733 0.23467843234539032 
v 1.4998787641525269 0.2202257215976715 0.18822304904460907 
v 1.5787805318832397 0.2816420793533325 0.21631234884262085 
v 1.56416916847229 0.3285124599933624 0.17147749662399292 
v 1.6343040466308594 0.39316126704216003 0.20226770639419556 
v 1.622614860534668 0.43841540813446045 0.15743283927440643 
v 1.6927498579025269 0.5046804547309875 0.18822304904460907 
v 1.6839829683303833 0.5467021465301514 0.14284801483154297 
v 1.7950299978256226 0.6711511015892029 0.17309802770614624 
v 1.7833408117294312 0.7067079544067383 0.126642644405365 
v 1.8943878412246704 0.8392379879951477 0.15959355235099792 
v 1.8826987743377686 0.8667137026786804 0.10989709198474884 
v 1.9937456846237183 1.0073248147964478 0.14662925899028778 
v 1.9820566177368164 1.028335690498352 0.09477207809686661 
v 1.8826987743377686 0.8861083388328552 0.055339012295007706 
v 1.9820566177368164 1.0412654876708984 0.038593463599681854 
v 1.8885432481765747 0.9038867950439453 0.0013211109908297658 
v 1.9849789142608643 1.0509628057479858 -0.017044974491000175 
v 1.786263108253479 0.760043203830719 0.020227376371622086 
v 1.7804185152053833 0.7357999086380005 0.07370509952306747 
v 1.6810606718063354 0.5822589993476868 0.09153100103139877 
v 1.6167703866958618 0.47558847069740295 0.10557565838098526 
v 1.5524799823760986 0.36891797184944153 0.12016049027442932 
v 1.5524799823760986 0.40609103441238403 0.06506223231554031 
v 1.4852672815322876 0.30265292525291443 0.07802652567625046 
v 1.4852672815322876 0.2638636529445648 0.13474532961845398 
v 1.6839829683303833 0.6145833730697632 0.038593463599681854 
v 1.6196925640106201 0.5095291137695312 0.05209793522953987 
v 1.4443552494049072 0.24446901679039001 0.08558903634548187 
v 1.447277545928955 0.2072959542274475 0.14500872790813446 
v 1.4063653945922852 0.1507282555103302 0.1558123081922531 
v 1.359608769416809 0.10062544047832489 0.16931678354740143 
v 1.4034432172775269 0.1846688836812973 0.09315153956413269 
v 1.3566864728927612 0.1329498440027237 0.10017386823892593 
v 1.3070075511932373 0.11193898320198059 0.10449530184268951 
v 1.312852144241333 0.08123079687356949 0.18012036383152008 
v 1.2544063329696655 0.09577678143978119 0.10773637145757675 
v 1.400520920753479 -0.4036352038383484 -0.11535755544900894 
v 1.3654533624649048 -0.26140785217285156 -0.11049593985080719 
v 1.4326660633087158 -0.3422188460826874 -0.09861200302839279 
v 1.4034432172775269 -0.21453745663166046 -0.09212985634803772 
v 1.3391528129577637 -0.14504000544548035 -0.09969235956668854 
v 1.382987141609192 -0.10948316007852554 -0.07970573753118515 
v 1.3245413303375244 -0.056147899478673935 -0.07538430392742157 
v 1.3771425485610962 -0.03028837963938713 -0.05863875895738602 
v 1.3274636268615723 -0.3098944425582886 -0.129942387342453 
v 1.3683756589889526 -0.4634353518486023 -0.1321031004190445 
v 1.286551594734192 -0.3583810329437256 -0.14884865283966064 
v 1.333308219909668 -0.5248516798019409 -0.1456075757741928 
v 1.2485617399215698 -0.4084838628768921 -0.16613437235355377 
v 1.2047274112701416 -0.25332674384117126 -0.16127276420593262 
v 1.1608930826187134 -0.29049980640411377 -0.18017902970314026 
v 1.119981050491333 -0.15312109887599945 -0.15317007899284363 
v 1.0673798322677612 -0.17898061871528625 -0.17045581340789795 
v 1.1112141609191895 -0.07069388031959534 -0.07376377284526825 
v 1.0586129426956177 -0.09170474112033844 -0.08510752767324448 
v 1.102447271347046 -0.002812640042975545 0.018066659569740295 
v 1.052768349647522 -0.02059105969965458 0.014285407029092312 
v 1.102447271347046 0.04729017987847328 0.1185399517416954 
v 1.052768349647522 0.03112797997891903 0.12232120335102081 
v 1.1521261930465698 0.06506860256195068 0.11475870013237 
v 1.1550484895706177 0.016581999137997627 0.021847913041710854 
v 1.1638153791427612 -0.049683019518852234 -0.06187983229756355 
v 1.169659972190857 -0.12887780368328094 -0.133723646402359 
v 1.2514840364456177 -0.21776990592479706 -0.14020578563213348 
v 1.2953184843063354 -0.18059684336185455 -0.11967898160219193 
v 1.2748624086380005 -0.08039119839668274 -0.09537093341350555 
v 1.2047274112701416 0.08123079687356949 0.11151763051748276 
v 1.2222611904144287 -0.10463450103998184 -0.11481737345457077 
v 1.2134943008422852 -0.03028837963938713 -0.04945571348071098 
v 1.2076497077941895 0.03436041995882988 0.026169344782829285 
v 1.2544063329696655 0.09577678143978119 0.10773637145757675 
v 1.2573286294937134 0.04890640079975128 0.03157113492488861 
v 1.3070075511932373 0.11193898320198059 0.10449530184268951 
v 1.266095519065857 -0.010893739759922028 -0.035951241850852966 
v 1.3157744407653809 0.008500900119543076 -0.02406730130314827 
v 1.3654533624649048 0.03112797997891903 -0.014344080351293087 
v 1.3537641763687134 0.08769568055868149 0.03913364186882973 
v 1.3070075511932373 0.06668481975793839 0.03589256852865219 
v 1.3566864728927612 0.1329498440027237 0.10017386823892593 
v 1.4209768772125244 0.02627931907773018 -0.052156608551740646 
v 1.429743766784668 -0.07231009751558304 -0.062420010566711426 
v 1.4414329528808594 -0.16605086624622345 -0.07430394738912582 
v 1.4648112058639526 -0.28241869807243347 -0.08240663260221481 
v 1.4940341711044312 -0.3971703052520752 -0.08402717113494873 
v 1.5203347206115723 -0.3292890787124634 -0.06944233924150467 
v 1.5583245754241943 -0.4521217942237854 -0.066741444170475 
v 1.575858235359192 -0.3761594593524933 -0.054317325353622437 
v 1.613848090171814 -0.5086895227432251 -0.039732493460178375 
v 1.6255371570587158 -0.4262622892856598 -0.031089628115296364 
v 1.593392014503479 -0.3018133342266083 -0.04081284999847412 
v 1.6343040466308594 -0.3422188460826874 -0.01974586956202984 
v 1.6109257936477661 -0.22585099935531616 -0.028928913176059723 
v 1.6459932327270508 -0.25817540287971497 -0.011103006079792976 
v 1.5700136423110962 -0.19352659583091736 -0.041353028267621994 
v 1.543713092803955 -0.26140785217285156 -0.05485750362277031 
v 1.496956467628479 -0.22261856496334076 -0.06620126217603683 
v 1.479422688484192 -0.11756426095962524 -0.05863875895738602 
v 1.4706557989120483 -0.012509959749877453 -0.05647804215550423 
v 1.4648112058639526 0.08446323871612549 -0.05053607374429703 
v 1.5115678310394287 0.04729017987847328 -0.05539768561720848 
v 1.5174124240875244 -0.052915461361408234 -0.05323696881532669 
v 1.5291016101837158 -0.16120220720767975 -0.05161643028259277 
v 1.56416916847229 -0.09332095831632614 -0.04729500040411949 
v 1.5554022789001465 0.011733340099453926 -0.052156608551740646 
v 1.6021589040756226 -0.02543972060084343 -0.045674461871385574 
v 1.593392014503479 0.07476592063903809 -0.052156608551740646 
v 1.6372263431549072 0.04244152083992958 -0.045674461871385574 
v 1.5086456537246704 0.1426471620798111 -0.0510762520134449 
v 1.5495576858520508 0.10870654135942459 -0.055937863886356354 
v -3.0822720527648926 1.4275420904159546 -0.0224467646330595 
v -3.111494779586792 1.4178447723388672 -0.010562826879322529 
v -3.050126791000366 1.3127903938293457 -0.05323696881532669 
v -3.091038942337036 1.3160228729248047 -0.035411059856414795 
v -3.012136936187744 1.1931902170181274 -0.0629601925611496 
v -3.0588936805725098 1.2093523740768433 -0.04297356680035591 
v -2.974147319793701 1.076822280883789 -0.07700484246015549 
v -3.1407177448272705 1.4081474542617798 0.0024014690425246954 
v -3.129028558731079 1.3176391124725342 -0.01596461609005928 
v -3.167018413543701 1.3984501361846924 0.0169863011687994 
v -3.1611738204956055 1.3208715915679932 0.006182721816003323 
v -3.1787075996398926 1.4113798141479492 0.05803990736603737 
v -3.1056504249572754 1.225514531135559 -0.02190658636391163 
v -3.0296707153320312 1.1059142351150513 -0.054317325353622437 
v -2.977069616317749 0.9733842611312866 -0.10995576530694962 
v -2.9040122032165527 0.9976275563240051 -0.12724149227142334 
v -2.92154598236084 1.088135838508606 -0.0964512899518013 
v -2.8309550285339355 1.0202546119689941 -0.14020578563213348 
v -2.8660225868225098 1.0994493961334229 -0.11589772999286652 
v -2.7578978538513184 1.03641676902771 -0.1396656036376953 
v -2.8075766563415527 1.1059142351150513 -0.12454059720039368 
v -2.705296516418457 0.9685356020927429 -0.15425044298171997 
v -2.7958874702453613 0.9410598278045654 -0.16397365927696228 
v -2.652695417404175 0.8974218964576721 -0.1677549183368683 
v -2.760820150375366 0.860248863697052 -0.1872013658285141 
v -2.570871353149414 0.7778216004371643 -0.19206297397613525 
v -2.684840440750122 0.7277187705039978 -0.2109692394733429 
v -2.4861247539520264 0.6582213640213013 -0.2169112116098404 
v -2.605938673019409 0.5935725569725037 -0.23095585405826569 
v -2.4043006896972656 0.5353886485099792 -0.23689782619476318 
v -2.529959201812744 0.45942628383636475 -0.24878177046775818 
v -2.264030694961548 0.33982598781585693 -0.236357644200325 
v -2.3867669105529785 0.2541663348674774 -0.24932193756103516 
v -2.123760938644409 0.1426471620798111 -0.23365674912929535 
v -2.24649715423584 0.04729017987847328 -0.24554069340229034 
v -1.9805686473846436 -0.052915461361408234 -0.2385183721780777 
v -2.106227159500122 -0.15958598256111145 -0.24770140647888184 
v -1.846143364906311 -0.14504000544548035 -0.24337998032569885 
v -1.9513458013534546 -0.27272137999534607 -0.25364336371421814 
v -1.7087956666946411 -0.23554831743240356 -0.25310319662094116 
v -1.7935421466827393 -0.3874729871749878 -0.2622862458229065 
v -1.568525791168213 -0.3244404196739197 -0.26282641291618347 
v -1.6386607885360718 -0.5006083846092224 -0.2714692950248718 
v -1.8812108039855957 -0.539397656917572 -0.23689782619476318 
v -1.7087956666946411 -0.6767764091491699 -0.24121926724910736 
v -1.9688794612884521 -0.6897061467170715 -0.20178619027137756 
v -1.7760083675384521 -0.8464794754981995 -0.20178619027137756 
v -2.033169984817505 -0.773749589920044 -0.1677549183368683 
v -1.825687289237976 -0.9483013153076172 -0.1634334772825241 
v -2.0945379734039307 -0.8561767935752869 -0.1277816742658615 
v -1.8724439144134521 -1.0468907356262207 -0.11913880705833435 
v -2.1529836654663086 -0.9337553381919861 -0.07322359085083008 
v -1.9133559465408325 -1.1406315565109253 -0.06133965402841568 
v -2.1909735202789307 -1.0097177028656006 0.06236133724451065 
v -1.942578911781311 -1.2182101011276245 0.07586581259965897 
v -2.2172741889953613 -1.071134090423584 0.21037037670612335 
v -1.9601125717163086 -1.2780102491378784 0.2233346849679947 
v -2.223118782043457 -1.108307123184204 0.3648615777492523 
v -1.9630348682403564 -1.316799521446228 0.37620532512664795 
v -2.4685909748077393 -0.8836525678634644 0.351357102394104 
v -2.459824323654175 -0.8464794754981995 0.2011873424053192 
v -2.6994519233703613 -0.6460682153701782 0.33677226305007935 
v -2.4306013584136963 -0.7899118065834045 0.05641936883330345 
v -2.3867669105529785 -0.7204143404960632 -0.07592448592185974 
v -2.3137097358703613 -0.6606141924858093 -0.12832185626029968 
v -2.2377302646636963 -0.5975816249847412 -0.16613437235355377 
v -2.1588282585144043 -0.5329328179359436 -0.19800494611263275 
v -2.0565481185913086 -0.4036352038383484 -0.23095585405826569 
v -2.2289633750915527 -0.26787272095680237 -0.2244737148284912 
v -2.3516995906829834 -0.3745432496070862 -0.19152279198169708 
v -2.43936824798584 -0.4181811809539795 -0.15911205112934113 
v -2.529959201812744 -0.4618191123008728 -0.12129952013492584 
v -2.6147055625915527 -0.4989921748638153 -0.07052269577980042 
v -2.6585400104522705 -0.5604085326194763 0.0574997253715992 
v -2.68776273727417 -0.6105113625526428 0.19470518827438354 
v -2.857255697250366 -0.4020189940929413 0.3178659975528717 
v -2.842644214630127 -0.3664621412754059 0.17633910477161407 
v -3.000447988510132 -0.14827243983745575 0.2978793680667877 
v -2.8075766563415527 -0.319591760635376 0.040754176676273346 
v -2.7578978538513184 -0.26140785217285156 -0.0845673531293869 
v -2.6731514930725098 -0.22746722400188446 -0.13318346440792084 
v -2.5825603008270264 -0.18867793679237366 -0.16829510033130646 
v -2.491969347000122 -0.14988866448402405 -0.19800494611263275 
v -2.3721554279327393 -0.051299240440130234 -0.2266344279050827 
v -2.512425422668457 0.1636580228805542 -0.2304156869649887 
v -2.6351616382598877 0.07638213783502579 -0.20178619027137756 
v -2.722830295562744 0.04244152083992958 -0.1731567084789276 
v -2.8134212493896484 0.0101171201094985 -0.1396656036376953 
v -2.895245313644409 -0.01897484064102173 -0.09267003834247589 
v -2.9478466510772705 -0.07231009751558304 0.028870239853858948 
v -2.9858365058898926 -0.11594803631305695 0.16121409833431244 
v -3.131950855255127 0.11193898320198059 0.2768124043941498 
v -3.11441707611084 0.1426471620798111 0.1482498049736023 
v -3.076427459716797 0.1814364343881607 0.02346844971179962 
v -3.0238261222839355 0.2266906052827835 -0.09267003834247589 
v -2.9449243545532227 0.24931767582893372 -0.13750489056110382 
v -2.860177993774414 0.2751772105693817 -0.17045581340789795 
v -2.7754316329956055 0.3010367155075073 -0.1990852952003479 
v -2.6556177139282227 0.38023149967193604 -0.22825495898723602 
v -2.725752592086792 0.5256912708282471 -0.21799156069755554 
v -2.845566511154175 0.45781007409095764 -0.1953040510416031 
v -2.9244682788848877 0.44164785742759705 -0.16451384127140045 
v -3.0033700466156006 0.42548567056655884 -0.1277816742658615 
v -3.076427459716797 0.41093969345092773 -0.08132627606391907 
v -3.131950855255127 0.36891797184944153 0.025629166513681412 
v -3.172863006591797 0.331744909286499 0.14068728685379028 
v -3.193319082260132 0.2994205057621002 0.2600668668746948 
v -3.1640961170196533 0.3543719947338104 0.3686428368091583 
v -3.1056504249572754 0.1685066819190979 0.3945714235305786 
v -3.11441707611084 0.41255590319633484 0.47073665261268616 
v -3.0588936805725098 0.2299230396747589 0.5058482885360718 
v -3.053049087524414 0.47558847069740295 0.5614867210388184 
v -2.997525691986084 0.2978042662143707 0.6057814359664917 
v -3.0998058319091797 0.6533727049827576 0.5107098817825317 
v -3.1640961170196533 0.5968049764633179 0.43130359053611755 
v -3.213775157928467 0.5418534874916077 0.3400133550167084 
v -3.242997884750366 0.48851823806762695 0.2427811175584793 
v -3.2225418090820312 0.5224588513374329 0.13474532961845398 
v -3.1787075996398926 0.5563994646072388 0.03157113492488861 
v -3.1231839656829834 0.5951887369155884 -0.06350036710500717 
v -3.0588936805725098 0.6000373959541321 -0.11265666037797928 
v -2.9858365058898926 0.6065022945404053 -0.15479062497615814 
v -2.9127790927886963 0.6129671931266785 -0.19044242799282074 
v -2.798809766769409 0.6711511015892029 -0.20664779841899872 
v -2.8718671798706055 0.8149946928024292 -0.18774153292179108 
v -3.1436400413513184 0.8311569094657898 0.4545312821865082 
v -2.977069616317749 0.7697405219078064 -0.17693795263767242 
v -3.0442821979522705 0.7729729413986206 -0.13750489056110382 
v -3.1056504249572754 0.7778216004371643 -0.0905093178153038 
v -3.1640961170196533 0.7810540795326233 -0.04027267172932625 
v -3.2166972160339355 0.7471134662628174 0.04237471520900726 
v -3.2576093673706055 0.7147890329360962 0.13150425255298615 
v -3.283910036087036 0.6808484196662903 0.224955216050148 
v -3.2517647743225098 0.7325674891471863 0.3076026141643524 
v -3.2050082683563232 0.7810540795326233 0.3853883743286133 
v -3.1407177448272705 0.9539896249771118 0.41725894808769226 
v -3.1991636753082275 0.9071192145347595 0.355678528547287 
v -3.129028558731079 1.0752060413360596 0.37566515803337097 
v -3.248842477798462 0.860248863697052 0.2865356206893921 
v -3.283910036087036 0.8117622137069702 0.2114507406949997 
v -3.2546870708465576 0.8440866470336914 0.12610246241092682 
v -3.210852861404419 0.8764110207557678 0.0456157885491848 
v -3.1582515239715576 0.908735454082489 -0.028928913176059723 
v -3.0998058319091797 0.8974218964576721 -0.07322359085083008 
v -3.0413599014282227 0.8844921588897705 -0.11265666037797928 
v -2.977069616317749 0.8731786012649536 -0.14722810685634613 
v -2.8894009590148926 0.9071192145347595 -0.1596522331237793 
v -3.035515308380127 0.9943950772285461 -0.08186645805835724 
v -3.091038942337036 1.0154060125350952 -0.05053607374429703 
v -3.146562337875366 1.03641676902771 -0.01380390115082264 
v -3.1991636753082275 1.0057086944580078 0.051017578691244125 
v -3.245920181274414 0.9750004410743713 0.12232120335102081 
v -3.2751431465148926 0.9394436478614807 0.19848644733428955 
v -3.2400755882263184 0.9895464181900024 0.26330792903900146 
v -3.187474489212036 1.0331844091415405 0.32326778769493103 
v -3.1231839656829834 1.1980388164520264 0.33677226305007935 
v -3.1787075996398926 1.1576333045959473 0.2908570468425751 
v -3.134873151779175 1.274001121520996 0.31840619444847107 
v -3.228386402130127 1.1156115531921387 0.24008022248744965 
v -3.266376256942749 1.0687412023544312 0.18498197197914124 
v -3.2342309951782227 1.1042981147766113 0.1185399517416954 
v -3.187474489212036 1.1350061893463135 0.056959547102451324 
v -3.134873151779175 1.1640981435775757 -0.00029942599940113723 
v -3.0851943492889404 1.1350061893463135 -0.03054944984614849 
v -3.146562337875366 1.2416768074035645 0.004022005945444107 
v -3.187474489212036 1.2271307706832886 0.05587919056415558 
v -3.2225418090820312 1.2109686136245728 0.11151763051748276 
v -3.248842477798462 1.191573977470398 0.1720176786184311 
v -3.2196195125579834 1.2222821712493896 0.224955216050148 
v -3.1787075996398926 1.2481416463851929 0.27357131242752075 
v -3.149484634399414 1.3499635457992554 0.30112046003341675 
v -3.1816298961639404 1.340266227722168 0.25736597180366516 
v -3.1582515239715576 1.4243096113204956 0.27519187331199646 
v -3.169940710067749 1.429158329963684 0.233057901263237 
v -3.207930564880371 1.328952670097351 0.2092900276184082 
v -3.225464105606079 1.3127903938293457 0.15851320326328278 
v -3.210852861404419 1.3176391124725342 0.10449530184268951 
v -3.190396785736084 1.3192553520202637 0.05371847376227379 
v -3.1845521926879883 1.4210771322250366 0.10179440677165985 
v -3.187474489212036 1.429158329963684 0.14500872790813446 
v -3.1787075996398926 1.430774450302124 0.18930339813232422 
v 1.8125637769699097 0.39316126704216003 -0.08240663260221481 
v 1.7687294483184814 0.42063701152801514 -0.08834860473871231 
v 1.873931884765625 0.585491418838501 -0.11481737345457077 
v 1.827175259590149 0.6129671931266785 -0.11859862506389618 
v 1.9294553995132446 0.7794378399848938 -0.14722810685634613 
v 1.8826987743377686 0.808529794216156 -0.14020578563213348 
v 1.9791343212127686 0.9750004410743713 -0.16883526742458344 
v 1.7248950004577637 0.44811272621154785 -0.09212985634803772 
v 1.7833408117294312 0.6420591473579407 -0.11211647838354111 
v 1.6810606718063354 0.47720471024513245 -0.08564770966768265 
v 1.777496337890625 0.6873133182525635 -0.0726834088563919 
v 1.6781383752822876 0.5273075103759766 -0.04945571348071098 
v 1.6255371570587158 0.36568552255630493 -0.07322359085083008 
v 1.6167703866958618 0.41740456223487854 -0.03703159838914871 
v 1.5670913457870483 0.2541663348674774 -0.05971911549568176 
v 1.5554022789001465 0.3075016140937805 -0.02406730130314827 
v 1.5086456537246704 0.1426471620798111 -0.0510762520134449 
v 1.4940341711044312 0.1992148607969284 -0.01380390115082264 
v 1.4648112058639526 0.08446323871612549 -0.05053607374429703 
v 1.4531221389770508 0.1426471620798111 -0.011103006079792976 
v 1.4209768772125244 0.02627931907773018 -0.052156608551740646 
v 1.409287691116333 0.08446323871612549 -0.010022647678852081 
v 1.3771425485610962 -0.03028837963938713 -0.05863875895738602 
v 1.3654533624649048 0.03112797997891903 -0.014344080351293087 
v 1.4034432172775269 0.1394147127866745 0.038593463599681854 
v 1.3537641763687134 0.08769568055868149 0.03913364186882973 
v 1.4034432172775269 0.1846688836812973 0.09315153956413269 
v 1.3566864728927612 0.1329498440027237 0.10017386823892593 
v 1.4443552494049072 0.24446901679039001 0.08558903634548187 
v 1.4443552494049072 0.195982426404953 0.03481220826506615 
v 1.4852672815322876 0.30265292525291443 0.07802652567625046 
v 1.4823449850082397 0.2541663348674774 0.029950598254799843 
v 1.5524799823760986 0.40609103441238403 0.06506223231554031 
v 1.5495576858520508 0.3592206537723541 0.018606839701533318 
v 1.613848090171814 0.46589115262031555 0.00672290101647377 
v 1.6196925640106201 0.5095291137695312 0.05209793522953987 
v 1.6839829683303833 0.6145833730697632 0.038593463599681854 
v 1.6781383752822876 0.5725616812705994 -0.00570121593773365 
v 1.786263108253479 0.760043203830719 0.020227376371622086 
v 1.777496337890625 0.7244863510131836 -0.026768196374177933 
v 1.8885432481765747 0.9038867950439453 0.0013211109908297658 
v 1.8797764778137207 0.8764110207557678 -0.04729500040411949 
v 1.9849789142608643 1.0509628057479858 -0.017044974491000175 
v 1.8768541812896729 0.8473190665245056 -0.0964512899518013 
v 1.9791343212127686 1.0299519300460815 -0.0689021572470665 
v 1.9732897281646729 1.0073248147964478 -0.12183970212936401 
v 2.011279582977295 1.1042981147766113 -0.023527123034000397 
v 2.005434989929199 1.0816709995269775 -0.07916556298732758 
v 1.999590277671814 1.0574276447296143 -0.13480399549007416 
v 2.008357286453247 1.0234870910644531 -0.18396028876304626 
v 2.025890827178955 1.1075304746627808 -0.14830847084522247 
v 2.0346577167510986 1.0719736814498901 -0.20016565918922424 
v 2.0551137924194336 1.1576333045959473 -0.15857186913490295 
v 2.0609583854675293 1.1188440322875977 -0.21367013454437256 
v 2.0609583854675293 1.18510901927948 -0.09753164649009705 
v 2.028813123703003 1.1350061893463135 -0.08888877928256989 
v 2.0375800132751465 1.1576333045959473 -0.030009271577000618 
v 2.0346577167510986 1.1479359865188599 0.03319167345762253 
v 2.066802978515625 1.1980388164520264 0.028870239853858948 
v 2.066802978515625 1.18349289894104 0.09477207809686661 
v 2.0346577167510986 1.1333900690078735 0.09639261662960052 
v 2.0755698680877686 1.1560170650482178 0.15527212619781494 
v 2.04634690284729 1.1075304746627808 0.1541917622089386 
v 2.008357286453247 1.080054759979248 0.09531226009130478 
v 2.0200462341308594 1.0574276447296143 0.14987033605575562 
v 1.9820566177368164 1.028335690498352 0.09477207809686661 
v 1.9937456846237183 1.0073248147964478 0.14662925899028778 
v 2.069725275039673 1.2077361345291138 -0.03649142012000084 
v 1.9820566177368164 1.0412654876708984 0.038593463599681854 
v 2.008357286453247 1.094600796699524 0.03535238653421402 
v 2.031735420227051 0.9442923069000244 -0.1774781346321106 
v 1.9820566177368164 0.7503458857536316 -0.14290668070316315 
v 2.08725905418396 0.9152002930641174 -0.17261652648448944 
v 2.031735420227051 0.7228701114654541 -0.13642452657222748 
v 2.139860153198242 0.8861083388328552 -0.16613437235355377 
v 1.920688509941101 0.5580157041549683 -0.1083352267742157 
v -2.9858365058898926 1.4727962017059326 0.2994999289512634 
v -2.9449243545532227 1.474412441253662 0.2946383059024811 
v -2.9887588024139404 1.497039556503296 0.24548201262950897 
v -2.9449243545532227 1.5002719163894653 0.24062040448188782 
v -3.032593011856079 1.4873422384262085 0.2471025586128235 
v -3.0296707153320312 1.4679476022720337 0.3016606271266937 
v -3.076427459716797 1.4760286808013916 0.24764274060726166 
v -3.070582866668701 1.4598664045333862 0.30112046003341675 
v -3.108572483062744 1.4614826440811157 0.24386148154735565 
v -3.0998058319091797 1.4485529661178589 0.29355794191360474 
v -3.1407177448272705 1.4469367265701294 0.23954005539417267 
v -3.129028558731079 1.437239408493042 0.28545525670051575 
v -3.169940710067749 1.429158329963684 0.233057901263237 
v -3.1582515239715576 1.4243096113204956 0.27519187331199646 
v -3.1787075996398926 1.430774450302124 0.18930339813232422 
v -3.146562337875366 1.4501690864562988 0.19092394411563873 
v -3.111494779586792 1.4647151231765747 0.19092394411563873 
v -3.187474489212036 1.429158329963684 0.14500872790813446 
v -3.152406930923462 1.4501690864562988 0.14176765084266663 
v -3.1845521926879883 1.4210771322250366 0.10179440677165985 
v -3.152406930923462 1.4404717683792114 0.09369172155857086 
v -3.1787075996398926 1.4113798141479492 0.05803990736603737 
v -3.149484634399414 1.4275420904159546 0.04615596681833267 
v -3.167018413543701 1.3984501361846924 0.0169863011687994 
v -3.1407177448272705 1.4081474542617798 0.0024014690425246954 
v -3.1173393726348877 1.4404717683792114 0.036432746797800064 
v -3.111494779586792 1.4178447723388672 -0.010562826879322529 
v -3.11441707611084 1.4647151231765747 0.1385265737771988 
v -3.076427459716797 1.479261040687561 0.1914641261100769 
v -3.035515308380127 1.4954233169555664 0.18930339813232422 
v -3.1173393726348877 1.4550178050994873 0.08720957487821579 
v -3.0822720527648926 1.4679476022720337 0.08180778473615646 
v -3.0851943492889404 1.4534015655517578 0.027789881452918053 
v -3.0822720527648926 1.4275420904159546 -0.0224467646330595 
v -3.0413599014282227 1.4647151231765747 0.022388091310858727 
v -3.0413599014282227 1.4356231689453125 -0.027848554775118828 
v -3.076427459716797 1.479261040687561 0.13582567870616913 
v -3.035515308380127 1.4986557960510254 0.1325846016407013 
v -3.038437604904175 1.4841097593307495 0.07694616913795471 
v -2.9916810989379883 1.5115854740142822 0.1876828670501709 
v -2.994603395462036 1.5196665525436401 0.12880335748195648 
v -2.9449243545532227 1.5180504322052002 0.1839016079902649 
v -2.994603395462036 1.5002719163894653 0.07262473553419113 
v -2.997525691986084 1.474412441253662 0.018606839701533318 
v -2.997525691986084 1.4404717683792114 -0.030009271577000618 
v -2.9507689476013184 1.477644920349121 0.01914701797068119 
v -2.956613540649414 1.442088007926941 -0.028928913176059723 
v -2.9507689476013184 1.5067368745803833 0.07100420445203781 
v -2.9507689476013184 1.5293638706207275 0.12610246241092682 
v -0.4492886960506439 -1.2117451429367065 -0.20340673625469208 
v -0.4492886960506439 -1.0145663022994995 -0.24283979833126068 
v -0.6626158952713013 -1.1875019073486328 -0.19962547719478607 
v -0.6596935987472534 -0.9903230667114258 -0.23743800818920135 
v -0.8730207681655884 -1.1632585525512695 -0.19368350505828857 
v -0.8700984716415405 -0.9660797715187073 -0.23095585405826569 
v -1.0834256410598755 -1.1390153169631958 -0.18612100183963776 
v -1.0834256410598755 -0.9418364763259888 -0.22609424591064453 
v -0.4492886960506439 -0.8125388622283936 -0.2736299932003021 
v -0.6596935987472534 -0.788295567035675 -0.2660675048828125 
v -0.8700984716415405 -0.7640522718429565 -0.2585049867630005 
v -1.0805033445358276 -0.739808976650238 -0.2558040916919708 
v -0.8730207681655884 -0.56525719165802 -0.24824158847332 
v -1.0834256410598755 -0.5377814769744873 -0.24716122448444366 
v -0.4492886960506439 -0.6121276021003723 -0.2644469439983368 
v -0.6626158952713013 -0.5895004868507385 -0.25526392459869385 
v 2.5051465034484863 1.4469367265701294 -0.2639067769050598 
v 2.508068799972534 1.474412441253662 -0.2071879804134369 
v 2.4087109565734863 1.380671739578247 -0.26336660981178284 
v 2.4057886600494385 1.4129960536956787 -0.20664779841899872 
v 2.318120002746582 1.3047093152999878 -0.2466210573911667 
v 2.315197706222534 1.3354175090789795 -0.19044242799282074 
v 2.2304513454437256 1.231979489326477 -0.23149603605270386 
v 2.2275290489196777 1.2610714435577393 -0.1753174215555191 
v 2.1749277114868164 1.1948063373565674 -0.2266344279050827 
v 2.1690831184387207 1.2271307706832886 -0.17045581340789795 
v 2.1164820194244385 1.1576333045959473 -0.22231300175189972 
v 2.1106374263763428 1.1948063373565674 -0.16667455434799194 
v 2.0609583854675293 1.1188440322875977 -0.21367013454437256 
v 2.0551137924194336 1.1576333045959473 -0.15857186913490295 
v 2.1164820194244385 1.2174334526062012 -0.10347361862659454 
v 2.0609583854675293 1.18510901927948 -0.09753164649009705 
v 2.125248908996582 1.236828088760376 -0.041353028267621994 
v 2.069725275039673 1.2077361345291138 -0.03649142012000084 
v 2.122326612472534 1.228747010231018 0.024008629843592644 
v 2.066802978515625 1.1980388164520264 0.028870239853858948 
v 2.122326612472534 1.2174334526062012 0.08991046994924545 
v 2.066802978515625 1.18349289894104 0.09477207809686661 
v 2.1310932636260986 1.1948063373565674 0.15095070004463196 
v 2.0755698680877686 1.1560170650482178 0.15527212619781494 
v 2.508068799972534 1.4873422384262085 -0.14452721178531647 
v 2.4087109565734863 1.429158329963684 -0.1418263167142868 
v 2.510991096496582 1.5002719163894653 -0.08294681459665298 
v 2.4087109565734863 1.4437042474746704 -0.07592448592185974 
v 2.51391339302063 1.5180504322052002 -0.023527123034000397 
v 2.1895391941070557 1.228747010231018 0.14284801483154297 
v 2.180772304534912 1.2465254068374634 0.08180778473615646 
v 2.180772304534912 1.2546064853668213 0.018066659569740295 
v 2.180772304534912 1.2594552040100098 -0.045674461871385574 
v 2.1749277114868164 1.2449091672897339 -0.10725487023591995 
v 2.2304513454437256 1.2756173610687256 -0.11211647838354111 
v 2.2450625896453857 1.2691525220870972 0.13744622468948364 
v 2.236295700073242 1.280466079711914 0.0753256306052208 
v 2.3239645957946777 1.3709743022918701 0.12988370656967163 
v 2.2479848861694336 1.2012712955474854 0.18498197197914124 
v 2.236295700073242 1.2836984395980835 0.012124691158533096 
v 2.236295700073242 1.285314679145813 -0.05053607374429703 
v 2.3239645957946777 1.3628932237625122 -0.0629601925611496 
v 2.318120002746582 1.3515796661376953 -0.12670131027698517 
v 2.4087109565734863 1.4582502841949463 -0.012183363549411297 
v 2.32104229927063 1.3709743022918701 0.0002407529973424971 
v 2.32104229927063 1.3758230209350586 0.06506223231554031 
v 2.411633253097534 1.474412441253662 0.12070067226886749 
v 2.3239645957946777 1.325720191001892 0.18930339813232422 
v 2.259674072265625 1.1301575899124146 0.22603558003902435 
v 2.3268868923187256 1.2723848819732666 0.244941845536232 
v 2.283052444458008 1.0574276447296143 0.2611472010612488 
v 2.3414981365203857 1.2142009735107422 0.29139724373817444 
v 2.414555549621582 1.4146122932434082 0.24548201262950897 
v 2.4233224391937256 1.3693581819534302 0.29895973205566406 
v 2.5168356895446777 1.5358288288116455 0.21631234884262085 
v 2.51391339302063 1.5132017135620117 0.2708704173564911 
v 2.5168356895446777 1.537445068359375 0.03697292506694794 
v 2.4087109565734863 1.4711799621582031 0.05371847376227379 
v 2.5168356895446777 1.5406774282455444 0.15635249018669128 
v 2.414555549621582 1.4469367265701294 0.1839016079902649 
v 2.5197579860687256 1.5471423864364624 0.09855332970619202 
v 2.51391339302063 1.5180504322052002 -0.023527123034000397 
v 2.56943678855896 1.5035043954849243 0.032111313194036484 
v 2.5782036781311035 1.4873422384262085 -0.025687839835882187 
v 2.6132712364196777 1.4534015655517578 0.027789881452918053 
v 2.5928151607513428 1.4663313627243042 0.08072742074728012 
v 2.6161935329437256 1.4178447723388672 0.07046402245759964 
v 2.510991096496582 1.5002719163894653 -0.08294681459665298 
v 2.5168356895446777 1.537445068359375 0.03697292506694794 
v 2.5606698989868164 1.5132017135620117 0.09045064449310303 
v 2.5606698989868164 1.5067368745803833 0.15095070004463196 
v 2.589892864227295 1.4582502841949463 0.14068728685379028 
v 2.6132712364196777 1.4113798141479492 0.12880335748195648 
v 2.589892864227295 1.4517853260040283 0.20226770639419556 
v 2.6132712364196777 1.4049149751663208 0.18822304904460907 
v 2.5752813816070557 1.437239408493042 0.25952666997909546 
v 2.5986597537994385 1.396833896636963 0.24548201262950897 
v 2.5197579860687256 1.5471423864364624 0.09855332970619202 
v 2.5168356895446777 1.5406774282455444 0.15635249018669128 
v 2.5168356895446777 1.5358288288116455 0.21631234884262085 
v 2.5577476024627686 1.4986557960510254 0.21307127177715302 
v 2.51391339302063 1.5132017135620117 0.2708704173564911 
v 2.5460586547851562 1.477644920349121 0.26979008316993713 
v 2.6424942016601562 1.3984501361846924 0.021847913041710854 
v 2.6337273120880127 1.4404717683792114 -0.025687839835882187 
v 2.584048271179199 1.4695637226104736 -0.0845673531293869 
v 2.508068799972534 1.4873422384262085 -0.14452721178531647 
v 2.572359085083008 1.4534015655517578 -0.14668793976306915 
v 2.508068799972534 1.474412441253662 -0.2071879804134369 
v 2.6746392250061035 1.380671739578247 -0.025687839835882187 
v 2.6512610912323 1.4243096113204956 -0.08186645805835724 
v 2.6980175971984863 1.3612769842147827 -0.07592448592185974 
v 2.630805015563965 1.4065312147140503 -0.14128614962100983 
v 2.6746392250061035 1.3499635457992554 -0.1277816742658615 
v 2.604504346847534 1.3871365785598755 -0.19368350505828857 
v 2.6424942016601562 1.337033748626709 -0.17477723956108093 
v 2.5752813816070557 1.3661257028579712 -0.2385183721780777 
v 2.604504346847534 1.3241039514541626 -0.21799156069755554 
v 2.5606698989868164 1.4356231689453125 -0.20556744933128357 
v 2.5431363582611084 1.4081474542617798 -0.25688445568084717 
v 2.5051465034484863 1.4469367265701294 -0.2639067769050598 
v 2.3677988052368164 0.9426760673522949 0.23575879633426666 
v 2.470078945159912 1.0752060413360596 0.2687097191810608 
v 2.335653781890869 0.9750004410743713 0.25142398476600647 
v 2.4262447357177734 1.1172277927398682 0.2978793680667877 
v 2.3064308166503906 1.0154060125350952 0.2584463059902191 
v 2.37656569480896 1.1689468622207642 0.30274099111557007 
v 2.283052444458008 1.0574276447296143 0.2611472010612488 
v 2.3414981365203857 1.2142009735107422 0.29139724373817444 
v 2.4642343521118164 1.325720191001892 0.30544188618659973 
v 2.510991096496582 1.277233600616455 0.2924775779247284 
v 2.5752813816070557 1.437239408493042 0.25952666997909546 
v 2.5986597537994385 1.396833896636963 0.24548201262950897 
v 2.5460586547851562 1.236828088760376 0.2643882930278778 
v 2.5460586547851562 1.477644920349121 0.26979008316993713 
v 2.4233224391937256 1.3693581819534302 0.29895973205566406 
v 2.51391339302063 1.5132017135620117 0.2708704173564911 
v 2.359031915664673 0.9232814311981201 0.1304238885641098 
v 2.359031915664673 0.9329787492752075 0.16499534249305725 
v 2.3239645957946777 1.03480064868927 0.16283462941646576 
v 2.318120002746582 1.0008599758148193 0.18228107690811157 
v 2.2684409618377686 1.1527847051620483 0.16337481141090393 
v 2.277207851409912 1.1059142351150513 0.1957855522632599 
v 2.2450625896453857 1.2691525220870972 0.13744622468948364 
v 2.2479848861694336 1.2012712955474854 0.18498197197914124 
v 2.283052444458008 1.0590438842773438 0.23035700619220734 
v 2.32104229927063 0.9814653396606445 0.21793289482593536 
v 2.335653781890869 0.9750004410743713 0.25142398476600647 
v 2.3677988052368164 0.9426760673522949 0.23575879633426666 
v 2.3648765087127686 0.934594988822937 0.2011873424053192 
v 2.3064308166503906 1.0154060125350952 0.2584463059902191 
v 2.259674072265625 1.1301575899124146 0.22603558003902435 
v 2.283052444458008 1.0574276447296143 0.2611472010612488 
vn -0.177445 -0.665883 -0.724647
vn -0.084462 -0.394330 -0.915079
vn -0.110946 -0.660637 -0.742462
vn -0.062152 -0.398456 -0.915079
vn -0.052689 -0.313331 -0.948181
vn -0.020788 -0.308733 -0.950921
vn -0.020799 -0.241357 -0.970214
vn 0.013271 -0.220601 -0.975274
vn 0.005677 -0.292711 -0.956184
vn -0.030196 -0.398129 -0.916832
vn -0.001891 -0.379144 -0.925336
vn -0.030200 -0.672448 -0.739528
vn -0.079199 -0.661916 -0.745382
vn 0.018877 -0.271152 -0.962351
vn 0.024580 -0.202434 -0.978987
vn 0.030049 -0.131652 -0.990841
vn 0.026452 -0.150019 -0.988329
vn -0.013251 -0.164743 -0.986248
vn 0.033461 -0.028077 -0.999046
vn -0.001914 -0.052374 -0.998626
vn -0.018889 0.473547 -0.880566
vn 0.000000 0.442860 -0.896591
vn -0.033981 0.472704 -0.880566
vn 0.026798 -0.014733 -0.999532
vn 0.041046 -0.014939 -0.999046
vn 0.058591 -0.121664 -0.990841
vn 0.051850 -0.007631 -0.998626
vn -0.130550 0.455588 -0.880566
vn -0.135890 0.450001 -0.882628
vn -0.069704 0.441302 -0.894647
vn 0.063128 -0.189398 -0.979869
vn 0.089730 -0.117714 -0.988985
vn 0.047453 -0.007516 -0.998845
vn -0.136126 0.445895 -0.884674
vn 0.047453 -0.007516 -0.998845
vn -0.125036 0.441082 -0.888714
vn 0.094978 -0.119099 -0.988329
vn 0.104151 -0.170321 -0.979869
vn 0.058198 -0.252552 -0.965832
vn 0.018906 -0.358345 -0.933398
vn 0.020792 -0.653178 -0.756919
vn 0.043424 -0.642064 -0.765420
vn 0.061947 -0.336827 -0.939526
vn 0.104266 -0.223350 -0.969146
vn 0.111391 -0.155243 -0.981576
vn 0.094978 -0.119099 -0.988329
vn 0.051850 -0.007631 -0.998626
vn -0.121196 0.434076 -0.892687
vn 0.051850 -0.007631 -0.998626
vn -0.108328 0.421304 -0.900427
vn 0.089730 -0.117714 -0.988985
vn 0.105143 -0.154376 -0.982402
vn 0.107124 -0.198156 -0.974299
vn 0.102178 -0.309578 -0.945368
vn 0.090427 -0.633762 -0.768225
vn 0.077355 -0.858885 -0.506293
vn 0.050968 -0.863062 -0.502521
vn -0.020770 -0.866504 -0.498738
vn -0.096107 -0.861408 -0.498738
vn -0.129773 -0.859178 -0.494946
vn -0.216809 -0.848061 -0.483514
vn -0.238879 -0.910951 -0.336311
vn -0.141073 -0.928116 -0.344528
vn -0.097971 -0.932127 -0.348627
vn -0.015099 -0.937140 -0.348627
vn 0.064184 -0.933526 -0.352719
vn 0.097971 -0.932127 -0.348627
vn 0.126151 -0.850840 -0.510057
vn 0.144177 -0.609846 -0.779295
vn 0.114202 -0.283109 -0.952264
vn 0.108416 -0.182726 -0.977168
vn 0.098805 -0.153424 -0.983208
vn 0.095623 -0.112979 -0.988985
vn 0.087277 0.000000 -0.996184
vn -0.099233 0.439618 -0.892687
vn 0.116182 0.037351 -0.992526
vn -0.084609 0.438689 -0.894647
vn -0.239073 -0.965105 0.106846
vn -0.135387 -0.985015 0.106846
vn 0.127023 -0.098866 -0.986960
vn 0.116660 -0.156701 -0.980732
vn 0.121197 -0.179682 -0.976230
vn 0.141611 -0.270442 -0.952264
vn 0.167739 -0.589543 -0.790128
vn 0.172480 -0.838087 -0.517554
vn 0.139285 -0.925305 -0.352719
vn 0.129795 -0.987094 0.093804
vn 0.098014 -0.990333 0.098153
vn 0.000000 -0.994733 0.102500
vn -0.090456 -0.990612 0.102500
vn 0.174534 -0.980173 0.093804
vn 0.178163 -0.913820 -0.364954
vn 0.211544 -0.972857 0.093804
vn 0.202010 -0.822017 -0.532428
vn 0.246341 -0.572496 -0.782026
vn 0.167634 -0.255130 -0.952264
vn 0.144141 -0.189399 -0.971263
vn 0.150238 -0.150238 -0.977168
vn 0.153022 -0.073093 -0.985516
vn 0.121664 0.058591 -0.990841
vn -0.026431 0.453805 -0.890709
vn 0.189500 0.121784 -0.974299
vn 0.159057 -0.044908 -0.986248
vn 0.231805 0.030200 -0.972293
vn 0.175343 -0.127394 -0.976230
vn 0.182411 -0.195797 -0.963530
vn 0.201567 -0.256221 -0.945368
vn 0.318937 -0.507077 -0.800720
vn 0.320361 -0.775887 -0.543478
vn 0.216958 -0.902078 -0.373076
vn 0.255551 -0.962234 0.093804
vn 0.342884 -0.854943 -0.389234
vn 0.391152 -0.915969 0.089453
vn 0.424220 -0.704554 -0.568894
vn 0.346756 -0.479841 -0.805924
vn 0.234145 -0.255524 -0.938021
vn 0.208756 -0.174071 -0.962351
vn 0.186479 -0.101825 -0.977168
vn 0.253159 -0.030154 -0.966955
vn 0.226785 -0.149829 -0.962351
vn 0.255524 -0.234145 -0.938021
vn 0.397454 -0.448194 -0.800720
vn 0.446955 -0.665941 -0.597288
vn 0.447846 -0.790798 -0.417221
vn 0.513536 -0.854260 0.080746
vn 0.478086 -0.755035 -0.448727
vn 0.558436 -0.826415 0.072033
vn 0.507666 -0.603706 -0.614666
vn 0.423618 -0.398219 -0.813615
vn 0.274833 -0.204344 -0.939526
vn 0.278752 -0.074691 -0.957454
vn 0.316183 0.060238 -0.946784
vn 0.321069 0.022704 -0.946784
vn 0.317711 0.089702 -0.943935
vn 0.329008 -0.132702 -0.934957
vn 0.445171 -0.357085 -0.821166
vn 0.561965 -0.533935 -0.631751
vn 0.562680 -0.681348 -0.468142
vn 0.655698 -0.753047 0.054590
vn 0.631976 -0.602588 -0.487334
vn 0.747995 -0.662665 0.037131
vn 0.583102 -0.493667 -0.645202
vn 0.496386 -0.288772 -0.818664
vn 0.359077 -0.052668 -0.931821
vn 0.316183 0.060238 -0.946784
vn 0.304560 0.104134 -0.946784
vn 0.315459 0.082245 -0.945368
vn 0.362840 -0.007550 -0.931821
vn 0.389419 0.037761 -0.920287
vn 0.546228 -0.228301 -0.805924
vn 0.648188 -0.414932 -0.638501
vn 0.654085 -0.561996 -0.506293
vn 0.782084 -0.622312 0.032765
vn 0.735404 -0.458739 -0.498738
vn 0.855616 -0.517238 0.019661
vn 0.709774 -0.350197 -0.611214
vn 0.578117 -0.193004 -0.792799
vn 0.668083 -0.105431 -0.736580
vn 0.756416 -0.316384 -0.572482
vn 0.809527 -0.359323 -0.464277
vn 0.932309 -0.361655 0.002185
vn 0.845434 -0.317989 -0.429097
vn 0.952427 -0.304698 -0.006554
vn 0.847864 -0.179962 -0.498738
vn 0.695426 0.000000 -0.718598
vn 0.900584 -0.037746 -0.433040
vn 0.704745 0.007557 -0.709420
vn 0.915058 -0.180092 -0.360882
vn 0.980596 -0.195053 -0.019661
vn 0.955274 -0.022654 -0.294855
vn 0.915460 -0.030205 -0.401274
vn 0.679955 -0.090471 -0.727651
vn 0.906182 -0.165325 -0.389234
vn 0.965145 -0.015105 -0.261280
vn 0.999282 -0.007547 -0.037131
vn 0.940733 -0.112910 0.319801
vn 0.975287 0.030196 0.218868
vn 0.883831 -0.082902 0.460402
vn 0.931514 0.045231 0.360882
vn 0.725172 0.037690 0.687535
vn 0.747731 0.142484 0.648534
vn 0.943570 0.045234 0.328069
vn 0.756312 0.142508 0.638501
vn 0.982344 0.030192 0.184634
vn 0.998882 0.022634 -0.041497
vn 0.953281 -0.165320 -0.252835
vn 0.990489 -0.135477 -0.024029
vn 0.971105 -0.120398 0.206059
vn 0.934416 -0.090374 0.344528
vn 0.736169 0.052738 0.674740
vn 0.896942 -0.224065 0.381169
vn 0.692124 -0.067695 0.718598
vn 0.928592 -0.275521 0.248605
vn 0.950098 -0.311882 -0.006554
vn 0.908619 -0.325798 -0.261280
vn 0.867790 -0.303796 -0.393255
vn 0.637806 -0.215177 -0.739528
vn 0.302644 -0.096745 -0.948181
vn 0.354440 -0.015108 -0.934957
vn 0.221610 -0.074394 -0.972293
vn 0.275907 0.007572 -0.961155
vn 0.160949 -0.037568 -0.986248
vn 0.226416 0.037581 -0.973306
vn 0.142062 -0.066013 -0.987654
vn 0.208844 -0.095187 -0.973306
vn 0.289018 -0.131990 -0.948181
vn 0.614313 -0.250370 -0.748288
vn 0.843194 -0.339043 -0.417221
vn 0.888809 -0.361003 -0.282304
vn 0.935014 -0.354604 -0.002185
vn 0.911177 -0.303992 0.278110
vn 0.876607 -0.253107 0.409263
vn 0.672498 -0.097730 0.733618
vn 0.854439 -0.274846 0.440900
vn 0.651038 -0.127338 0.748288
vn 0.122213 -0.104755 -0.986960
vn 0.895604 -0.325527 0.303194
vn 0.926741 -0.375695 0.002185
vn 0.871541 -0.388586 -0.299027
vn 0.821300 -0.366769 -0.436974
vn 0.591765 -0.284979 -0.754056
vn 0.271304 -0.165369 -0.948181
vn 0.185301 -0.128081 -0.974299
vn 0.099738 -0.142440 -0.984766
vn 0.161233 -0.169262 -0.972293
vn 0.249782 -0.203001 -0.946784
vn 0.563400 -0.324553 -0.759767
vn 0.796727 -0.400444 -0.452627
vn 0.852786 -0.416072 -0.315658
vn 0.911880 -0.410404 0.006554
vn 0.876134 -0.353213 0.328069
vn 0.831710 -0.310303 0.460402
vn 0.625713 -0.164081 0.762601
vn 0.810835 -0.324117 0.487334
vn 0.605617 -0.185681 0.773790
vn 0.857672 -0.374150 0.352719
vn 0.899035 -0.437742 0.010923
vn 0.831438 -0.442273 -0.336311
vn 0.774870 -0.420469 -0.471999
vn 0.547959 -0.337452 -0.765420
vn 0.245167 -0.221089 -0.943935
vn 0.161156 -0.186508 -0.969146
vn 0.092337 -0.157401 -0.983208
vn 0.030143 -0.127184 -0.991421
vn 0.031994 -0.113268 -0.993049
vn 0.056279 -0.072308 -0.995793
vn -0.062058 -0.067413 -0.995793
vn -0.032689 -0.021842 -0.999227
vn -0.429685 0.148352 -0.890709
vn -0.351904 0.188632 -0.916832
vn -0.470069 0.148762 -0.870003
vn -0.072947 -0.081016 -0.994040
vn -0.087332 -0.091342 -0.991983
vn 0.020724 -0.146555 -0.988985
vn 0.077377 -0.179381 -0.980732
vn 0.142426 -0.211456 -0.966955
vn 0.217660 -0.259070 -0.941014
vn 0.509801 -0.387213 -0.768225
vn 0.734337 -0.491520 -0.468142
vn 0.796544 -0.507828 -0.328069
vn 0.855616 -0.517238 0.019661
vn 0.821432 -0.441603 0.360882
vn 0.772795 -0.392489 0.498738
vn 0.568950 -0.228019 0.790128
vn 0.743005 -0.478316 0.468142
vn 0.548269 -0.303479 0.779295
vn -0.495765 0.167043 -0.852240
vn 0.067097 -0.201595 -0.977168
vn 0.789270 -0.513758 0.336311
vn 0.818340 -0.574032 0.028397
vn 0.764767 -0.577108 -0.286493
vn 0.710533 -0.566631 -0.417221
vn 0.487499 -0.459451 -0.742462
vn 0.192549 -0.288169 -0.938021
vn 0.120475 -0.238948 -0.963530
vn 0.052433 -0.210298 -0.976230
vn 0.094350 -0.241387 -0.965832
vn -0.024549 -0.223917 -0.974299
vn 0.168091 -0.293664 -0.941014
vn 0.477415 -0.488096 -0.730641
vn 0.705507 -0.597469 -0.381169
vn 0.754250 -0.607703 -0.248605
vn 0.791393 -0.610429 0.032765
vn 0.775147 -0.551979 0.307354
vn 0.736024 -0.517033 0.436974
vn 0.536924 -0.336100 0.773790
vn 0.683914 -0.601240 0.413246
vn 0.486437 -0.384135 0.784742
vn 0.711940 -0.646617 0.273910
vn 0.700182 -0.712196 0.050227
vn 0.690935 -0.698942 -0.184634
vn 0.647650 -0.687692 -0.328069
vn 0.424295 -0.538979 -0.727651
vn 0.105831 -0.325714 -0.939526
vn 0.013219 -0.263056 -0.964690
vn -0.114420 -0.218322 -0.969146
vn -0.024609 -0.219625 -0.975274
vn -0.003778 -0.199606 -0.979869
vn -0.110437 -0.196329 -0.974299
vn -0.108182 -0.146962 -0.983208
vn -0.617100 0.109025 -0.779295
vn -0.596616 0.168018 -0.784742
vn -0.595449 0.112665 -0.795454
vn -0.070364 -0.182246 -0.980732
vn -0.035628 -0.165798 -0.985516
vn -0.114840 -0.118860 -0.986248
vn -0.314639 0.374645 -0.872149
vn -0.391563 0.379529 -0.838234
vn -0.121057 -0.214713 -0.969146
vn -0.096332 -0.272033 -0.957454
vn 0.026457 -0.357867 -0.933398
vn 0.354165 -0.623511 -0.696995
vn 0.581870 -0.764253 -0.278110
vn 0.617474 -0.776018 -0.128540
vn 0.637126 -0.767783 0.067674
vn 0.637982 -0.727360 0.252835
vn 0.623432 -0.678107 0.389234
vn 0.427163 -0.463144 0.776550
vn 0.611103 -0.693731 0.381169
vn 0.403307 -0.488460 0.773790
vn -0.508089 0.251880 -0.823652
vn -0.329036 0.335712 -0.882628
vn 0.641390 -0.721354 0.261280
vn 0.660079 -0.748142 0.067674
vn 0.628859 -0.766082 -0.132872
vn 0.584616 -0.759043 -0.286493
vn 0.345616 -0.621298 -0.703234
vn 0.026413 -0.333208 -0.942483
vn -0.082648 -0.127964 -0.988329
vn -0.452924 0.370177 -0.811067
vn -0.042630 -0.118966 -0.991983
vn -0.369951 0.415394 -0.831014
vn 0.087585 -0.279358 -0.956184
vn 0.406242 -0.552712 -0.727651
vn 0.657667 -0.659001 -0.364954
vn 0.706463 -0.677090 -0.206059
vn 0.761832 -0.645825 0.050227
vn 0.719450 -0.628851 0.294855
vn 0.683322 -0.607310 0.405273
vn 0.450768 -0.660199 0.600787
vn 0.770617 -0.460171 0.440900
vn 0.792164 -0.500934 0.348627
vn 0.821532 -0.567945 0.050227
vn 0.764767 -0.577108 -0.286493
vn 0.701620 -0.547101 -0.456519
vn 0.456275 -0.444241 -0.771014
vn 0.137701 -0.253614 -0.957454
vn 0.054509 -0.094412 -0.994040
vn 0.043446 0.618298 -0.784742
vn 0.463030 0.273879 -0.842967
vn 0.239955 -0.214528 -0.946784
vn 0.507048 -0.373995 -0.776550
vn 0.734643 -0.438678 -0.517554
vn 0.811841 -0.462175 -0.356804
vn 0.897715 -0.437705 0.050227
vn 0.835442 -0.338399 0.433040
vn 0.819627 -0.288512 0.494946
vn 0.812233 -0.508133 0.286493
vn 0.839764 -0.542948 0.002185
vn -0.105543 -0.984904 -0.137202
vn 0.839603 -0.542844 0.019661
vn 0.030201 -0.999484 0.010923
vn 0.644958 -0.472318 0.600787
vn 0.133350 -0.867249 0.479685
vn 0.765021 -0.280674 0.579625
vn 0.920819 -0.382437 0.076390
vn 0.920856 -0.389604 0.015292
vn 0.898570 -0.332405 0.286493
vn 0.855618 0.007540 0.517554
vn 0.990295 0.052845 0.128540
vn 0.996426 0.067911 0.050227
vn 0.954645 0.150246 0.257060
vn 0.887498 0.157554 0.433040
vn 0.916780 0.194868 0.348627
vn 0.994126 0.098031 -0.045863
vn 0.880434 0.045322 -0.471999
vn 0.801884 -0.015109 -0.597288
vn 0.650395 -0.112764 -0.751179
vn 0.562237 0.097857 -0.821166
vn -0.050737 -0.236879 -0.970214
vn -0.067538 -0.310469 -0.948181
vn -0.110207 -0.400342 -0.909715
vn -0.229571 -0.643009 -0.730641
vn -0.131905 -0.393727 -0.909715
vn -0.268601 -0.631171 -0.727651
vn -0.162169 -0.386567 -0.907892
vn -0.374933 -0.604059 -0.703234
vn -0.226164 -0.371594 -0.900427
vn -0.121952 -0.306781 -0.943935
vn -0.177735 -0.292746 -0.939526
vn -0.058001 -0.239567 -0.969146
vn -0.084072 -0.314977 -0.945368
vn -0.067201 -0.245932 -0.966955
vn -0.098582 -0.310742 -0.945368
vn -0.074590 -0.239368 -0.968060
vn -0.081652 -0.241519 -0.966955
vn -0.131694 -0.228101 -0.964690
vn -0.045005 -0.167962 -0.984766
vn -0.093425 -0.151733 -0.983996
vn -0.045005 -0.167962 -0.984766
vn -0.042978 -0.164046 -0.985516
vn 0.007516 -0.047453 -0.998845
vn 0.013256 -0.050705 -0.998626
vn 0.211875 0.432491 -0.876391
vn 0.113910 0.423900 -0.898517
vn -0.016820 -0.054223 -0.998387
vn -0.036653 -0.043354 -0.998387
vn 0.225355 0.425622 -0.876391
vn 0.212672 0.406150 -0.888714
vn -0.110327 -0.507569 0.854518
vn -0.033608 -0.209793 0.977168
vn -0.009363 -0.203706 0.978987
vn 0.007414 -0.113117 0.993554
vn 0.020438 -0.115912 0.993049
vn 0.022952 -0.042208 0.998845
vn 0.056072 -0.041658 0.997557
vn 0.065174 0.035492 0.997243
vn 0.101670 0.050138 0.993554
vn 0.111534 0.170716 0.978987
vn 0.104062 0.185240 0.977168
vn 0.030164 0.642824 0.765420
vn -0.001884 0.612939 0.790128
vn 0.045225 0.641940 0.765420
vn 0.070506 0.149482 0.986248
vn 0.063931 0.613064 0.787443
vn 0.035296 0.157047 0.986960
vn 0.082751 0.638189 0.765420
vn 0.049650 0.157641 0.986248
vn 0.105138 0.634884 0.765420
vn 0.058221 0.145429 0.987654
vn 0.185418 0.595026 0.782026
vn 0.275964 0.596023 0.754056
vn 0.082588 0.153023 0.984766
vn 0.287861 0.594025 0.751179
vn 0.029584 0.032136 0.999046
vn 0.029126 0.038210 0.998845
vn 0.029126 0.038210 0.998845
vn 0.017546 -0.040001 0.999046
vn 0.009147 -0.047166 0.998845
vn 0.034617 0.033316 0.998845
vn 0.089095 0.149328 0.984766
vn 0.275092 0.574336 0.771014
vn 0.042564 0.155235 0.986960
vn 0.287861 0.594025 0.751179
vn 0.029584 0.032136 0.999046
vn 0.003627 -0.039147 0.999227
vn -0.009328 -0.117330 0.993049
vn -0.022115 -0.111182 0.993554
vn -0.010759 -0.037814 0.999227
vn -0.012731 0.046327 0.998845
vn 0.009340 0.186547 0.982402
vn 0.301357 0.587294 0.751179
vn 0.022404 0.194069 0.980732
vn 0.357889 0.514406 0.779295
vn -0.052051 0.075409 0.995793
vn -0.059008 -0.028417 0.997853
vn -0.045409 -0.113275 0.992526
vn -0.053584 -0.201183 0.978087
vn -0.169869 -0.478944 0.861253
vn -0.083805 -0.199878 0.976230
vn -0.208599 -0.471609 0.856780
vn -0.099206 -0.097882 0.990241
vn -0.095906 0.003722 0.995383
vn -0.048008 0.088095 0.994955
vn 0.031688 0.179714 0.983208
vn 0.482924 0.464257 0.742462
vn 0.059044 0.181719 0.981576
vn 0.493256 0.453264 0.742462
vn -0.050155 0.096795 0.994040
vn -0.103608 0.014897 0.994507
vn -0.142494 -0.065075 0.987654
vn -0.153788 -0.181654 0.971263
vn -0.312863 -0.446632 0.838234
vn -0.202031 -0.141209 0.969146
vn -0.390902 -0.374931 0.840609
vn -0.158192 -0.047865 0.986248
vn -0.119267 0.025858 0.992526
vn -0.043381 0.104731 0.993554
vn 0.058944 0.186254 0.980732
vn 0.437943 0.493898 0.751179
vn 0.003751 0.250693 0.968060
vn 0.391917 0.543278 0.742462
vn -0.052190 0.115093 0.991983
vn -0.120397 0.050880 0.991421
vn -0.180604 -0.026139 0.983208
vn -0.225341 -0.119248 0.966955
vn -0.424806 -0.347716 0.835843
vn -0.255701 -0.092178 0.962351
vn -0.497259 -0.294341 0.816147
vn -0.191071 0.000000 0.981576
vn -0.126559 0.068044 0.989623
vn -0.110521 0.186439 0.976230
vn -0.050537 0.317878 0.946784
vn 0.361565 0.548334 0.754056
vn -0.074508 0.321614 0.943935
vn 0.336887 0.548306 0.765420
vn -0.165475 0.256536 0.952264
vn -0.174941 0.141905 0.974299
vn -0.202237 0.026153 0.978987
vn -0.270287 -0.055916 0.961155
vn -0.526525 -0.220132 0.821166
vn -0.287973 -0.018796 0.957454
vn -0.544871 -0.181396 0.818664
vn -0.239587 0.109416 0.964690
vn -0.215193 0.233762 0.948181
vn -0.188267 0.266147 0.945368
vn -0.105276 0.321574 0.941014
vn 0.304459 0.539893 0.784742
vn -0.144119 0.319690 0.936498
vn 0.273358 0.521151 0.808503
vn -0.216957 0.285830 0.933398
vn -0.216378 0.260141 0.941014
vn -0.256087 0.208342 0.943935
vn -0.323227 0.067167 0.943935
vn -0.596830 -0.082694 0.798095
vn -0.331455 0.166775 0.928614
vn -0.612374 0.026370 0.790128
vn -0.235427 0.248725 0.939526
vn -0.225018 0.289907 0.930226
vn -0.253108 0.303593 0.918568
vn -0.196579 0.290394 0.936498
vn 0.224661 0.496882 0.838234
vn -0.228736 0.276494 0.933398
vn 0.312527 0.498648 0.808503
vn -0.298230 0.288926 0.909715
vn -0.231223 0.330403 0.915079
vn -0.219038 0.294452 0.930226
vn -0.316161 0.209275 0.925336
vn -0.600849 0.078945 0.795454
vn -0.303765 0.265249 0.915079
vn -0.610245 0.182040 0.771014
vn -0.197631 0.342307 0.918568
vn -0.235286 0.337300 0.911520
vn -0.307870 0.234852 0.921987
vn -0.171531 0.282071 0.943935
vn 0.364048 0.542718 0.756919
vn -0.067363 0.377220 0.923670
vn 0.289179 0.733867 0.614666
vn -0.052700 0.727241 0.684356
vn -0.158515 0.289586 0.943935
vn -0.156999 0.712045 0.684356
vn -0.250113 0.189153 0.949560
vn -0.242280 0.270204 0.931821
vn -0.171013 0.356352 0.918568
vn -0.275041 0.321596 0.906051
vn -0.577249 0.276794 0.768225
vn -0.247402 0.333484 0.909715
vn -0.544160 0.289525 0.787443
vn -0.235427 0.248725 0.939526
vn -0.285671 0.148299 0.946784
vn -0.266564 0.221495 0.938021
vn -0.298189 0.671905 0.677958
vn -0.356471 0.205084 0.911520
vn -0.416994 0.636805 0.648534
vn -0.323438 0.135499 0.936498
vn -0.300924 0.237229 0.923670
vn -0.554668 0.174283 0.813615
vn -0.384944 0.132989 0.913308
vn -0.415816 0.193091 0.888714
vn -0.475671 0.608559 0.635132
vn -0.657926 0.156792 0.736580
vn -0.681251 0.465121 0.565296
vn -0.601622 0.097577 0.792799
vn -0.048836 -0.498243 0.865661
vn 0.013103 -0.203500 0.978987
vn 0.048789 -0.116576 0.991983
vn 0.088966 -0.021928 0.995793
vn 0.105204 0.070016 0.991983
vn 0.115872 0.188187 0.975274
vn 0.127526 0.195915 0.972293
vn -0.064003 0.623380 0.779295
vn 0.121199 0.194903 0.973306
vn -0.075124 0.618702 0.782026
vn 0.127511 0.190834 0.973306
vn -0.065788 0.616322 0.784742
vn 0.127511 0.190834 0.973306
vn -0.063931 0.613064 0.787443
vn 0.127511 0.190834 0.973306
vn -0.060209 0.606502 0.792799
vn 0.161590 0.202628 0.965832
vn -0.035741 0.594461 0.803330
vn 0.187740 0.235418 0.953589
vn -0.037668 0.608318 0.792799
vn 0.197306 0.254305 0.946784
vn -0.022610 0.609064 0.792799
vn 0.263066 0.310908 0.913308
vn 0.041456 0.625284 0.779295
vn 0.328710 0.372563 0.867840
vn 0.119880 0.655770 0.745382
vn 0.330825 0.390681 0.859025
vn 0.145911 0.653804 0.742462
vn 0.325041 0.395507 0.859025
vn 0.151286 0.645893 0.748288
vn 0.319186 0.400247 0.859025
vn 0.153180 0.642079 0.751179
vn 0.287667 0.400428 0.870003
vn 0.142148 0.627635 0.765420
vn 0.200215 0.326722 0.923670
vn 0.026349 0.548335 0.835843
vn 0.102529 0.242613 0.964690
vn -0.201101 0.458464 0.865661
vn 0.075281 0.212307 0.974299
vn -0.249205 0.416575 0.874278
vn 0.046325 0.176508 0.983208
vn -0.279184 0.373375 0.884674
vn 0.011151 0.134576 0.990841
vn -0.366586 0.323993 0.872149
vn 0.005581 0.121910 0.992526
vn -0.403513 0.321102 0.856780
vn -0.007414 0.113117 0.993554
vn -0.432146 0.332586 0.838234
vn -0.020319 0.093803 0.995383
vn -0.446857 0.343281 0.826122
vn -0.018387 0.085318 0.996184
vn -0.481959 0.355758 0.800720
vn -0.028410 0.054131 0.998130
vn -0.533028 0.329515 0.779295
vn -0.016146 0.006688 0.999847
vn -0.548930 0.272715 0.790128
vn 0.038645 0.007224 0.999227
vn -0.519823 0.268244 0.811067
vn -0.221628 0.514143 0.828576
vn -0.424421 0.417766 0.803330
vn -0.018809 -0.500277 0.865661
vn -0.250408 0.544191 0.800720
vn 0.077190 0.014650 0.996909
vn -0.670810 0.565611 0.479685
vn 0.073843 -0.007389 0.997243
vn 0.078223 0.007357 0.996909
vn 0.084460 0.021992 0.996184
vn 0.086913 0.029016 0.995793
vn 0.096795 0.050155 0.994040
vn 0.105204 0.070016 0.991983
vn 0.106760 0.089582 0.990241
vn 0.134859 0.122940 0.983208
vn 0.157284 0.161255 0.974299
vn 0.173047 0.192936 0.965832
vn 0.250727 0.267984 0.930226
vn 0.323516 0.324846 0.888714
vn 0.352776 0.322196 0.878487
vn 0.371857 0.312025 0.874278
vn 0.381158 0.306717 0.872149
vn 0.376657 0.287633 0.880566
vn 0.309800 0.218581 0.925336
vn 0.236829 0.149761 0.959939
vn 0.229344 0.129517 0.964690
vn 0.201298 0.101096 0.974299
vn 0.170246 0.086744 0.981576
vn 0.164181 0.079660 0.983208
vn 0.168972 0.079595 0.982402
vn 0.173520 0.079994 0.981576
vn 0.168972 0.079595 0.982402
vn 0.135663 0.078325 0.987654
vn 0.100053 -0.007409 0.994955
vn 0.080439 -0.097467 0.991983
vn 0.040991 -0.208477 0.977168
vn 0.035752 -0.510685 0.859025
vn 0.071604 -0.186359 0.979869
vn 0.087922 -0.489002 0.867840
vn 0.095579 -0.075881 0.992526
vn 0.143497 0.007458 0.989623
vn 0.181103 0.022425 0.983208
vn 0.188719 0.029890 0.981576
vn 0.183054 0.037126 0.982402
vn 0.178653 0.037208 0.983208
vn 0.191785 0.037194 0.980732
vn 0.225103 0.044776 0.973306
vn 0.250421 0.066776 0.965832
vn 0.263309 0.095837 0.959939
vn 0.325803 0.159882 0.931821
vn 0.384942 0.249013 0.888714
vn 0.385616 0.275507 0.880566
vn 0.376657 0.287633 0.880566
vn 0.362984 0.292566 0.884674
vn 0.348975 0.285179 0.892687
vn 0.300336 0.224722 0.926984
vn 0.237765 0.156048 0.958706
vn 0.219846 0.129099 0.966955
vn 0.195272 0.094038 0.976230
vn 0.172726 0.058880 0.983208
vn 0.169877 0.037129 0.984766
vn 0.151600 0.014931 0.988329
vn 0.139165 -0.007481 0.990241
vn 0.130494 -0.007462 0.991421
vn 0.054915 -0.014400 0.998387
vn -0.056655 0.003637 0.998387
vn -0.087718 0.078479 0.993049
vn -0.841727 -0.153736 0.517554
vn -0.129855 -0.014899 0.991421
vn -0.779481 -0.402879 0.479685
vn -0.028417 -0.059008 0.997853
vn 0.089064 -0.062868 0.994040
vn 0.172590 -0.044314 0.983996
vn 0.194576 -0.044686 0.979869
vn 0.216219 -0.014953 0.976230
vn 0.233644 0.007493 0.972293
vn 0.236114 0.029980 0.971263
vn 0.259119 0.066840 0.963530
vn 0.280981 0.096042 0.954896
vn 0.296827 0.124476 0.946784
vn 0.348570 0.194723 0.916832
vn 0.389801 0.262722 0.882628
vn 0.385616 0.275507 0.880566
vn 0.385540 0.268936 0.882628
vn 0.388975 0.242664 0.888714
vn 0.390235 0.209384 0.896591
vn 0.355920 0.118416 0.926984
vn 0.297748 0.044878 0.953589
vn 0.279804 0.015041 0.959939
vn 0.254948 0.000000 0.966955
vn 0.216607 -0.007481 0.976230
vn 0.195358 0.000000 0.980732
vn 0.195215 -0.007483 0.980732
vn 0.194785 -0.014955 0.980732
vn 0.187400 -0.037276 0.981576
vn 0.140738 -0.058295 0.988329
vn 0.094467 -0.161130 0.982402
vn 0.112012 -0.476245 0.872149
vn 0.140845 -0.147467 0.978987
vn 0.160936 -0.466042 0.870003
vn 0.216589 -0.442927 0.870003
vn 0.190232 -0.120636 0.974299
vn 0.239444 -0.422261 0.874278
vn 0.205844 -0.101511 0.973306
vn 0.308361 -0.403926 0.861253
vn 0.218240 -0.094973 0.971263
vn 0.237264 -0.081035 0.968060
vn 0.360588 -0.347286 0.865661
vn 0.390137 -0.319720 0.863465
vn 0.263748 -0.081356 0.961155
vn 0.451823 -0.291996 0.842967
vn 0.302086 -0.067024 0.950921
vn 0.492126 -0.226251 0.840609
vn 0.617293 -0.399153 0.677958
vn 0.551502 -0.476973 0.684356
vn 0.671368 -0.499902 0.547141
vn 0.597080 -0.579740 0.554434
vn 0.747995 -0.662665 0.037131
vn 0.655698 -0.753047 0.054590
vn 0.782084 -0.622312 0.032765
vn 0.696006 -0.456265 0.554434
vn 0.855616 -0.517238 0.019661
vn 0.774617 -0.358090 0.521287
vn 0.932309 -0.361655 0.002185
vn 0.844414 -0.267231 0.464277
vn 0.952427 -0.304698 -0.006554
vn 0.637646 -0.353644 0.684356
vn 0.510539 -0.191608 0.838234
vn 0.327057 -0.044953 0.943935
vn 0.350351 -0.015035 0.936498
vn 0.698708 -0.279720 0.658456
vn 0.759309 -0.223311 0.611214
vn 0.878887 -0.231267 0.417221
vn 0.980596 -0.195053 -0.019661
vn 0.940733 -0.112910 0.319801
vn 0.799866 -0.201632 0.565296
vn 0.883831 -0.082902 0.460402
vn 0.561671 -0.119644 0.818664
vn 0.399845 0.052483 0.915079
vn 0.430444 0.133525 0.892687
vn 0.609192 -0.067691 0.790128
vn 0.635704 -0.037655 0.771014
vn 0.435717 0.176402 0.882628
vn 0.454689 0.218370 0.863465
vn 0.725172 0.037690 0.687535
vn 0.747731 0.142484 0.648534
vn 0.470072 0.246059 0.847636
vn 0.756312 0.142508 0.638501
vn 0.469444 0.239194 0.849946
vn 0.426212 0.168911 0.888714
vn 0.376718 0.089571 0.921987
vn 0.692124 -0.067695 0.718598
vn 0.672498 -0.097730 0.733618
vn 0.362079 0.059819 0.930226
vn 0.651038 -0.127338 0.748288
vn 0.736169 0.052738 0.674740
vn 0.341733 0.022555 0.939526
vn 0.321783 -0.007517 0.946784
vn 0.316313 -0.029976 0.948181
vn 0.605617 -0.185681 0.773790
vn 0.568950 -0.228019 0.790128
vn 0.293561 -0.067003 0.953589
vn 0.548269 -0.303479 0.779295
vn 0.625713 -0.164081 0.762601
vn 0.267814 -0.095701 0.958706
vn 0.242613 -0.102529 0.964690
vn 0.181797 -0.133009 0.974299
vn 0.486437 -0.384135 0.784742
vn 0.427163 -0.463144 0.776550
vn 0.106190 -0.163977 0.980732
vn 0.403307 -0.488460 0.773790
vn 0.536924 -0.336100 0.773790
vn 0.062199 -0.162382 0.984766
vn 0.450768 -0.660199 0.600787
vn -0.110327 -0.507569 0.854518
vn -0.086564 -0.741803 0.665007
vn -0.048836 -0.498243 0.865661
vn -0.049002 -0.745228 0.665007
vn -0.018809 -0.500277 0.865661
vn 0.024491 -0.749335 0.661738
vn 0.035752 -0.510685 0.859025
vn 0.099572 -0.743094 0.661738
vn 0.087922 -0.489002 0.867840
vn 0.125737 -0.742042 0.658456
vn 0.112012 -0.476245 0.872149
vn 0.177437 -0.731404 0.658456
vn 0.160936 -0.466042 0.870003
vn 0.226476 -0.711670 0.665007
vn 0.216589 -0.442927 0.870003
vn 0.256559 -0.692029 0.674740
vn 0.239444 -0.422261 0.874278
vn 0.355523 -0.643410 0.677958
vn 0.308361 -0.403926 0.861253
vn 0.447852 -0.575400 0.684356
vn 0.360588 -0.347286 0.865661
vn 0.476221 -0.540166 0.693855
vn 0.390137 -0.319720 0.863465
vn 0.551502 -0.476973 0.684356
vn 0.451823 -0.291996 0.842967
vn 0.597080 -0.579740 0.554434
vn 0.509238 -0.648936 0.565296
vn 0.470368 -0.686554 0.554434
vn 0.373101 -0.749288 0.547141
vn 0.254380 -0.802435 0.539805
vn 0.221808 -0.819299 0.528725
vn 0.177797 -0.834654 0.521287
vn 0.133312 -0.842904 0.521287
vn 0.099708 -0.845235 0.525011
vn 0.020742 -0.848540 0.528725
vn -0.065944 -0.843903 0.532428
vn 0.655698 -0.753047 0.054590
vn 0.558436 -0.826415 0.072033
vn 0.000000 -0.994733 0.102500
vn 0.098014 -0.990333 0.098153
vn 0.129795 -0.987094 0.093804
vn 0.174534 -0.980173 0.093804
vn 0.211544 -0.972857 0.093804
vn 0.255551 -0.962234 0.093804
vn 0.391152 -0.915969 0.089453
vn 0.513536 -0.854260 0.080746
vn -0.090456 -0.990612 0.102500
vn -0.103471 -0.840127 0.532428
vn -0.135387 -0.985015 0.106846
vn -0.203552 -0.824025 0.528725
vn -0.239073 -0.965105 0.106846
vn -0.173770 -0.732284 0.658456
vn -0.169869 -0.478944 0.861253
vn -0.264097 -0.707826 0.655161
vn -0.208599 -0.471609 0.856780
vn -0.304240 -0.797307 0.521287
vn -0.354202 -0.929045 0.106846
vn -0.238879 -0.910951 -0.336311
vn -0.336065 -0.882854 -0.328069
vn -0.216809 -0.848061 -0.483514
vn -0.306795 -0.822058 -0.479685
vn -0.177445 -0.665883 -0.724647
vn -0.229571 -0.643009 -0.730641
vn -0.350853 -0.808776 -0.471999
vn -0.268601 -0.631171 -0.727651
vn -0.469608 -0.758022 -0.452627
vn -0.374933 -0.604059 -0.703234
vn -0.501705 -0.808595 -0.307354
vn -0.381692 -0.867201 -0.319801
vn -0.403029 -0.908929 0.106846
vn -0.349516 -0.781010 0.517554
vn -0.311209 -0.694660 0.648534
vn -0.312863 -0.446632 0.838234
vn -0.430270 -0.644793 0.631751
vn -0.474069 -0.725616 0.498738
vn -0.523041 -0.845584 0.106846
vn -0.390902 -0.374931 0.840609
vn -0.538404 -0.569047 0.621536
vn -0.586722 -0.646733 0.487334
vn -0.650893 -0.752218 0.102500
vn -0.627564 -0.610227 0.483514
vn -0.695637 -0.711657 0.098153
vn -0.424806 -0.347716 0.835843
vn -0.573554 -0.537568 0.618107
vn -0.497259 -0.294341 0.816147
vn -0.656741 -0.460367 0.597288
vn -0.526525 -0.220132 0.821166
vn -0.721305 -0.373658 0.583180
vn -0.544871 -0.181396 0.818664
vn -0.713113 -0.521837 0.468142
vn -0.781376 -0.433699 0.448727
vn -0.740983 -0.332933 0.583180
vn -0.596830 -0.082694 0.798095
vn -0.795554 -0.227162 0.561686
vn -0.807860 -0.386653 0.444818
vn -0.853615 -0.513907 0.085100
vn -0.775181 -0.624736 0.093804
vn -0.882025 -0.464233 0.080746
vn -0.855726 -0.289152 0.429097
vn -0.923988 -0.375577 0.072033
vn 0.204334 0.361479 -0.909715
vn 0.265629 0.397117 -0.878487
vn 0.600162 0.520044 -0.607750
vn 0.627013 0.528317 -0.572482
vn 0.316204 0.412085 -0.854518
vn 0.640872 0.542139 -0.543478
vn 0.346280 0.411700 -0.842967
vn 0.665871 0.544480 -0.510057
vn 0.352983 0.401067 -0.845310
vn 0.687019 0.545809 -0.479685
vn 0.355635 0.383680 -0.852240
vn 0.717833 0.529003 -0.452627
vn 0.384230 0.326795 -0.863465
vn 0.746631 0.511656 -0.425147
vn 0.429773 0.291708 -0.854518
vn 0.737894 0.530509 -0.417221
vn 0.421107 0.304085 -0.854518
vn 0.615627 0.642334 -0.456519
vn 0.295079 0.345784 -0.890709
vn 0.480523 0.739131 -0.471999
vn 0.243804 0.419758 -0.874278
vn 0.458079 0.755650 -0.468142
vn 0.225355 0.425622 -0.876391
vn 0.416742 0.772159 -0.479685
vn 0.212672 0.406150 -0.888714
vn 0.379669 0.793361 -0.475846
vn 0.225355 0.425622 -0.876391
vn 0.355737 0.802093 -0.479685
vn 0.211875 0.432491 -0.876391
vn 0.229449 0.838082 -0.494946
vn 0.113910 0.423900 -0.898517
vn 0.099807 0.865341 -0.491145
vn 0.043373 0.468066 -0.882628
vn 0.069755 0.868281 -0.491145
vn 0.020766 0.469613 -0.882628
vn -0.005665 0.866734 -0.498738
vn 0.000000 0.442860 -0.896591
vn -0.077299 0.865479 -0.494946
vn -0.018889 0.473547 -0.880566
vn -0.096152 0.856984 -0.506293
vn -0.033981 0.472704 -0.880566
vn -0.190947 0.831745 -0.521287
vn -0.069704 0.441302 -0.894647
vn -0.220829 0.909299 -0.352719
vn -0.124291 0.932022 -0.340423
vn -0.094236 0.939942 -0.328069
vn -0.003776 0.944646 -0.328069
vn -0.230031 0.969063 -0.089453
vn -0.126053 0.987579 -0.093804
vn -0.090496 0.991048 -0.098153
vn 0.000000 0.994733 -0.102500
vn 0.081097 0.942596 -0.323938
vn 0.090456 0.990612 -0.102500
vn 0.118650 0.938609 -0.323938
vn 0.133679 0.985248 -0.106846
vn 0.251848 0.911941 -0.323938
vn 0.379706 0.871083 -0.311509
vn 0.274019 0.955771 -0.106846
vn 0.394840 0.912516 -0.106846
vn 0.266489 0.956889 0.115530
vn 0.396303 0.912380 0.102500
vn 0.264558 0.916838 0.299027
vn 0.388392 0.878525 0.278110
vn 0.185418 0.595026 0.782026
vn 0.275964 0.596023 0.754056
vn 0.410724 0.869643 0.273910
vn 0.287861 0.594025 0.751179
vn 0.423997 0.900329 0.098153
vn 0.429211 0.896862 -0.106846
vn 0.408991 0.859221 -0.307354
vn 0.456051 0.835195 -0.307354
vn 0.476280 0.872778 -0.106846
vn 0.471201 0.876548 0.098153
vn 0.449470 0.848900 0.278110
vn 0.275092 0.574336 0.771014
vn 0.484141 0.831012 0.273910
vn 0.287861 0.594025 0.751179
vn 0.518344 0.850012 0.093804
vn 0.522001 0.846226 -0.106846
vn 0.503445 0.809084 -0.303194
vn 0.535095 0.788510 -0.303194
vn 0.566247 0.817281 -0.106846
vn 0.548957 0.830068 0.098153
vn 0.508303 0.815036 0.278110
vn 0.301357 0.587294 0.751179
vn 0.649550 0.710876 0.269705
vn 0.357889 0.514406 0.779295
vn 0.686028 0.722055 0.089453
vn 0.706357 0.701017 -0.098153
vn 0.670083 0.684770 -0.286493
vn 0.789336 0.559485 -0.252835
vn 0.809748 0.579919 -0.089453
vn 0.802454 0.592350 0.072033
vn 0.764971 0.595905 0.244371
vn 0.482924 0.464257 0.742462
vn 0.771487 0.583852 0.252835
vn 0.493256 0.453264 0.742462
vn 0.814432 0.573985 0.085100
vn 0.822724 0.561359 -0.089453
vn 0.799558 0.540777 -0.261280
vn 0.782582 0.552708 -0.286493
vn 0.814120 0.573765 -0.089453
vn 0.798192 0.592053 0.111189
vn 0.743434 0.606309 0.282304
vn 0.437943 0.493898 0.751179
vn 0.719168 0.623162 0.307354
vn 0.391917 0.543278 0.742462
vn 0.790136 0.597378 0.137202
vn 0.814120 0.573765 -0.089453
vn 0.771632 0.552217 -0.315658
vn 0.753798 0.556999 -0.348627
vn 0.805006 0.585804 -0.093804
vn 0.774233 0.609155 0.171735
vn 0.700523 0.627200 0.340423
vn 0.361565 0.548334 0.754056
vn 0.672658 0.636638 0.377126
vn 0.336887 0.548306 0.765420
vn 0.761851 0.614103 0.206059
vn 0.800543 0.591888 -0.093804
vn 0.734415 0.555997 -0.389234
vn 0.735818 0.536469 -0.413246
vn 0.809423 0.579686 -0.093804
vn 0.762951 0.601883 0.235888
vn 0.660977 0.628977 0.409263
vn 0.304459 0.539893 0.784742
vn 0.639932 0.626597 0.444818
vn 0.273358 0.521151 0.808503
vn 0.747793 0.606683 0.269705
vn 0.805006 0.585804 -0.093804
vn 0.719871 0.529556 -0.448727
vn 0.613320 0.496008 -0.614666
vn 0.705602 0.528529 -0.471999
vn 0.791479 0.603955 -0.093804
vn 0.738943 0.605825 0.294855
vn 0.655727 0.598375 0.460402
vn 0.224661 0.496882 0.838234
vn 0.701908 0.571468 0.425147
vn 0.312527 0.498648 0.808503
vn 0.744902 0.606446 0.278110
vn 0.781408 0.616253 -0.098153
vn 0.717833 0.529003 -0.452627
vn 0.664227 0.467657 -0.583180
vn 0.284354 0.349648 -0.892687
vn -0.173290 0.137154 -0.975274
vn -0.208756 0.174071 -0.962351
vn -0.262366 0.052671 -0.963530
vn -0.314107 0.146470 -0.938021
vn -0.338347 0.003783 -0.941014
vn -0.324815 0.170805 -0.930226
vn -0.318128 0.071226 -0.945368
vn -0.182326 0.152990 -0.971263
vn -0.094016 0.223264 -0.970214
vn 0.330028 0.391354 -0.859025
vn 0.655277 0.524637 -0.543478
vn 0.674433 0.606416 -0.421188
vn 0.706046 0.700709 -0.102500
vn 0.698399 0.675719 0.235888
vn 0.682945 0.625590 0.377126
vn 0.364048 0.542718 0.756919
vn 0.312467 0.878708 0.360882
vn 0.289179 0.733867 0.614666
vn -0.351812 0.538851 -0.765420
vn -0.200517 0.582861 -0.787443
vn 0.275288 0.935110 0.223129
vn 0.230180 0.967265 -0.106846
vn 0.251674 0.867488 -0.429097
vn 0.285070 0.784450 -0.550793
vn 0.251868 0.599430 -0.759767
vn -0.094084 0.591605 -0.800720
vn 0.026349 0.548335 0.835843
vn 0.142148 0.627635 0.765420
vn -0.063997 0.791546 0.607750
vn -0.032048 0.819291 0.572482
vn 0.153180 0.642079 0.751179
vn -0.050900 0.830669 0.554434
vn 0.151286 0.645893 0.748288
vn -0.077225 0.840601 0.536122
vn 0.145911 0.653804 0.742462
vn -0.099666 0.852095 0.513810
vn 0.119880 0.655770 0.745382
vn -0.176025 0.848691 0.498738
vn 0.041456 0.625284 0.779295
vn -0.253055 0.842338 0.475846
vn -0.022610 0.609064 0.792799
vn -0.274723 0.850395 0.448727
vn -0.037668 0.608318 0.792799
vn -0.253160 0.867056 0.429097
vn -0.035741 0.594461 0.803330
vn -0.242362 0.877775 0.413246
vn -0.060209 0.606502 0.792799
vn -0.246013 0.884113 0.397268
vn -0.063931 0.613064 0.787443
vn -0.247810 0.887180 0.389234
vn -0.065788 0.616322 0.784742
vn -0.255164 0.890319 0.377126
vn -0.075124 0.618702 0.782026
vn -0.247947 0.897403 0.364954
vn -0.064003 0.623380 0.779295
vn -0.153957 0.921406 0.356804
vn -0.001884 0.612939 0.790128
vn -0.066004 0.940899 0.332193
vn 0.030164 0.642824 0.765420
vn -0.041494 0.947965 0.315658
vn 0.045225 0.641940 0.765420
vn 0.026410 0.948505 0.315658
vn 0.063931 0.613064 0.787443
vn 0.101748 0.948805 0.299027
vn 0.082751 0.638189 0.765420
vn 0.131725 0.945109 0.299027
vn 0.105138 0.634884 0.765420
vn 0.264558 0.916838 0.299027
vn 0.185418 0.595026 0.782026
vn 0.266489 0.956889 0.115530
vn 0.139250 0.982976 0.119869
vn 0.094257 0.988305 0.119869
vn 0.009435 0.991088 0.132872
vn -0.075412 0.987058 0.141528
vn -0.101771 0.982738 0.154492
vn -0.204295 0.962951 0.176038
vn -0.302476 0.933368 0.193215
vn -0.320265 0.924646 0.206059
vn -0.304396 0.927060 0.218868
vn -0.305940 0.924498 0.227387
vn -0.304280 0.921819 0.240131
vn -0.330724 0.908043 0.257060
vn -0.367586 0.887432 0.278110
vn -0.353672 0.883430 0.307354
vn -0.275181 0.900650 0.336311
vn -0.222203 0.905754 0.360882
vn -0.202193 0.900408 0.385205
vn -0.165038 0.897366 0.409263
vn -0.155779 0.885882 0.436974
vn 0.274019 0.955771 -0.106846
vn 0.133679 0.985248 -0.106846
vn -0.252004 0.963583 -0.089453
vn -0.295661 0.951495 -0.085100
vn -0.310050 0.946904 -0.085100
vn -0.352904 0.932169 -0.080746
vn -0.420433 0.904102 -0.076390
vn -0.026431 0.453805 -0.890709
vn -0.219660 0.734690 -0.641857
vn -0.084609 0.438689 -0.894647
vn -0.294862 0.731602 -0.614666
vn -0.099233 0.439618 -0.892687
vn -0.312506 0.747058 -0.586724
vn -0.108328 0.421304 -0.900427
vn -0.295282 0.762210 -0.576059
vn -0.121196 0.434076 -0.892687
vn -0.281392 0.778028 -0.561686
vn -0.125036 0.441082 -0.888714
vn -0.281546 0.788270 -0.547141
vn -0.136126 0.445895 -0.884674
vn -0.285160 0.794517 -0.536122
vn -0.135890 0.450001 -0.882628
vn -0.295818 0.798032 -0.525011
vn -0.130550 0.455588 -0.880566
vn -0.281585 0.807990 -0.517554
vn -0.069704 0.441302 -0.894647
vn -0.190947 0.831745 -0.521287
vn -0.325288 0.879004 -0.348627
vn -0.220829 0.909299 -0.352719
vn -0.338733 0.937411 -0.080746
vn -0.230031 0.969063 -0.089453
vn -0.126053 0.987579 -0.093804
vn -0.090496 0.991048 -0.098153
vn 0.000000 0.994733 -0.102500
vn 0.090456 0.990612 -0.102500
vn -0.306927 0.817497 -0.487334
vn -0.382146 0.807842 -0.448727
vn -0.352904 0.932169 -0.080746
vn -0.339382 0.868668 -0.360882
vn -0.325198 0.868942 -0.373076
vn -0.345828 0.934817 -0.080746
vn -0.338733 0.937411 -0.080746
vn -0.325067 0.863683 -0.385205
vn -0.327052 0.857447 -0.397268
vn -0.345828 0.934817 -0.080746
vn -0.385919 0.919364 -0.076390
vn -0.354829 0.840595 -0.409263
vn -0.395706 0.816099 -0.421188
vn -0.434214 0.897925 -0.072033
vn -0.277955 0.711657 0.645202
vn -0.201101 0.458464 0.865661
vn -0.502430 0.590301 0.631751
vn -0.249205 0.416575 0.874278
vn -0.547528 0.540860 0.638501
vn -0.279184 0.373375 0.884674
vn -0.597568 0.493764 0.631751
vn -0.366586 0.323993 0.872149
vn -0.663879 0.463703 0.586724
vn -0.403513 0.321102 0.856780
vn -0.710427 0.460232 0.532428
vn -0.432146 0.332586 0.838234
vn -0.729696 0.487284 0.479685
vn -0.446857 0.343281 0.826122
vn -0.753198 0.511782 0.413246
vn -0.481959 0.355758 0.800720
vn -0.790283 0.520112 0.323938
vn -0.533028 0.329515 0.779295
vn -0.839465 0.483212 0.248605
vn -0.818098 0.551460 0.163120
vn -0.861306 0.500909 0.085100
vn -0.831230 0.555410 -0.024029
vn -0.874599 0.484606 -0.015292
vn -0.827012 0.561671 -0.024029
vn -0.790602 0.555760 0.257060
vn -0.782427 0.529320 0.328069
vn -0.767598 0.509206 0.389234
vn -0.735926 0.510441 0.444818
vn -0.847706 0.530101 -0.019661
vn -0.835400 0.549117 -0.024029
vn -0.696456 0.530249 0.483514
vn -0.839523 0.542792 -0.024029
vn -0.851685 0.523685 -0.019661
vn -0.818340 0.574032 -0.028397
vn -0.672965 0.559761 0.483514
vn -0.624584 0.619246 0.475846
vn -0.402543 0.767606 0.498738
vn -0.782084 0.622312 -0.032765
vn -0.593763 0.802478 -0.058953
vn -0.317218 0.944527 -0.085100
vn -0.198276 0.859013 0.471999
vn -0.259300 0.961645 -0.089453
vn 0.317711 0.089702 -0.943935
vn 0.298024 0.132137 -0.945368
vn 0.304560 0.104134 -0.946784
vn 0.281106 0.138978 -0.949560
vn 0.245167 0.221089 -0.943935
vn 0.214523 0.217193 -0.952264
vn 0.073492 0.460382 -0.884674
vn -0.045214 0.372367 -0.926984
vn 0.309883 0.125291 -0.942483
vn 0.316183 0.060238 -0.946784
vn 0.304560 0.104134 -0.946784
vn 0.253159 -0.030154 -0.966955
vn 0.231805 0.030200 -0.972293
vn 0.254356 0.190409 -0.948181
vn 0.189500 0.121784 -0.974299
vn 0.056544 0.489794 -0.870003
vn -0.026431 0.453805 -0.890709
vn -0.148247 0.731975 -0.665007
vn -0.219660 0.734690 -0.641857
vn -0.256476 0.818669 -0.513810
vn -0.306927 0.817497 -0.487334
vn -0.310050 0.946904 -0.085100
vn -0.352904 0.932169 -0.080746
vn -0.295661 0.951495 -0.085100
vn -0.238478 0.807304 -0.539805
vn -0.124133 0.718504 -0.684356
vn 0.084621 0.489584 -0.867840
vn 0.264989 0.203730 -0.942483
vn 0.255045 0.209616 -0.943935
vn 0.088431 0.477303 -0.874278
vn -0.252004 0.963583 -0.089453
vn 0.088260 0.481214 -0.872149
vn -0.099819 0.703916 -0.703234
vn -0.201890 0.797245 -0.568894
vn -0.259300 0.961645 -0.089453
vn -0.192701 0.781213 -0.593778
vn -0.317218 0.944527 -0.085100
vn -0.082868 0.687302 -0.721629
vn -0.116588 0.656363 -0.745382
vn -0.330049 0.571662 -0.751179
vn -0.444807 0.654648 -0.611214
vn -0.241479 0.748085 -0.618107
vn -0.593763 0.802478 -0.058953
vn -0.269770 0.277784 -0.921987
vn 0.128686 0.135377 -0.982402
vn 0.253614 0.137701 -0.957454
vn 0.295808 0.104081 -0.949560
vn 0.315459 0.082245 -0.945368
vn 0.317711 0.089702 -0.943935
vn 0.389419 0.037761 -0.920287
vn 0.401582 0.067820 -0.913308
vn 0.668083 -0.105431 -0.736580
vn 0.695426 0.000000 -0.718598
vn 0.402774 0.060344 -0.913308
vn 0.704745 0.007557 -0.709420
vn 0.354440 -0.015108 -0.934957
vn 0.679955 -0.090471 -0.727651
vn 0.275907 0.007572 -0.961155
vn 0.315459 0.082245 -0.945368
vn 0.280852 0.096417 -0.954896
vn 0.176346 0.073556 -0.981576
vn 0.027302 0.044736 -0.998626
vn -0.323904 0.233462 -0.916832
vn -0.004051 0.012466 -0.999914
vn 0.095675 -0.007626 -0.995383
vn 0.226416 0.037581 -0.973306
vn 0.160949 -0.037568 -0.986248
vn 0.079100 -0.036885 -0.996184
vn 0.142062 -0.066013 -0.987654
vn 0.056279 -0.072308 -0.995793
vn 0.122213 -0.104755 -0.986960
vn -0.351904 0.188632 -0.916832
vn -0.032689 -0.021842 -0.999227
vn -0.351812 0.538851 -0.765420
vn -0.473237 0.505270 -0.721629
vn -0.318128 0.071226 -0.945368
vn -0.430008 0.030238 -0.902319
vn -0.338347 0.003783 -0.941014
vn -0.417498 -0.037793 -0.907892
vn -0.324815 0.170805 -0.930226
vn -0.532137 0.476089 -0.700121
vn -0.492526 0.022660 -0.870003
vn -0.728676 0.347316 -0.590257
vn -0.723130 0.003780 -0.690702
vn -0.796174 0.494537 -0.348627
vn -0.482935 -0.049110 -0.874278
vn -0.370752 0.111726 -0.921987
vn -0.324450 0.289766 -0.900427
vn -0.272737 0.263379 -0.925336
vn -0.314107 0.146470 -0.938021
vn -0.146662 0.228845 -0.962351
vn -0.208756 0.174071 -0.962351
vn 0.265629 0.397117 -0.878487
vn 0.204334 0.361479 -0.909715
vn 0.316204 0.412085 -0.854518
vn -0.061762 0.256045 -0.964690
vn 0.346280 0.411700 -0.842967
vn -0.015119 0.216208 -0.976230
vn 0.352983 0.401067 -0.845310
vn -0.011384 0.151907 -0.988329
vn 0.355635 0.383680 -0.852240
vn -0.049838 0.106628 -0.993049
vn 0.384230 0.326795 -0.863465
vn -0.049458 0.035933 -0.998130
vn 0.429773 0.291708 -0.854518
vn -0.016734 -0.014042 -0.999761
vn 0.421107 0.304085 -0.854518
vn -0.019216 -0.017830 -0.999656
vn 0.295079 0.345784 -0.890709
vn -0.045693 -0.014847 -0.998845
vn 0.243804 0.419758 -0.874278
vn -0.055634 -0.011308 -0.998387
vn 0.225355 0.425622 -0.876391
vn -0.068220 -0.015016 -0.997557
vn 0.212672 0.406150 -0.888714
vn -0.036653 -0.043354 -0.998387
vn -0.128644 -0.123296 -0.983996
vn -0.093425 -0.151733 -0.983996
vn -0.168678 -0.196767 -0.965832
vn -0.131694 -0.228101 -0.964690
vn -0.214750 -0.261487 -0.941014
vn -0.177735 -0.292746 -0.939526
vn -0.275473 -0.331566 -0.902319
vn -0.226164 -0.371594 -0.900427
vn -0.450150 -0.534182 -0.715552
vn -0.374933 -0.604059 -0.703234
vn -0.578450 -0.681205 -0.448727
vn -0.469608 -0.758022 -0.452627
vn -0.614982 -0.729644 -0.299027
vn -0.501705 -0.808595 -0.307354
vn -0.650893 -0.752218 0.102500
vn -0.523041 -0.845584 0.106846
vn -0.695637 -0.711657 0.098153
vn -0.661024 -0.686382 -0.303194
vn -0.775181 -0.624736 0.093804
vn -0.612938 -0.647639 -0.452627
vn -0.483839 -0.503870 -0.715552
vn -0.295948 -0.307975 -0.904194
vn -0.229582 -0.242935 -0.942483
vn -0.177584 -0.182927 -0.966955
vn -0.125771 -0.113754 -0.985516
vn -0.125244 -0.107841 -0.986248
vn -0.195530 -0.170111 -0.965832
vn -0.252886 -0.224815 -0.941014
vn -0.329135 -0.278372 -0.902319
vn -0.556561 -0.447293 -0.700121
vn -0.694792 -0.568217 -0.440900
vn -0.740810 -0.603540 -0.294855
vn -0.853615 -0.513907 0.085100
vn -0.811012 -0.505292 -0.294855
vn -0.882025 -0.464233 0.080746
vn -0.760770 -0.476272 -0.440900
vn -0.588962 -0.375645 -0.715552
vn -0.342668 -0.241479 -0.907892
vn -0.261955 -0.194058 -0.945368
vn -0.199413 -0.144882 -0.969146
vn -0.126733 -0.092077 -0.987654
vn -0.131033 -0.085846 -0.987654
vn -0.202859 -0.132416 -0.970214
vn -0.273894 -0.169064 -0.946784
vn -0.356734 -0.212510 -0.909715
vn -0.606618 -0.340047 -0.718598
vn -0.781541 -0.437414 -0.444818
vn -0.834459 -0.462884 -0.299027
vn -0.923988 -0.375577 0.072033
vn -0.880520 -0.367788 -0.299027
vn -0.832623 -0.335180 -0.440900
vn -0.663157 -0.247620 -0.706334
vn -0.404785 -0.148224 -0.902319
vn -0.312792 -0.129051 -0.941014
vn -0.233315 -0.102776 -0.966955
vn -0.153435 -0.048655 -0.986960
vn -0.147965 0.003780 -0.988985
vn -0.258966 -0.067430 -0.963530
vn -0.377995 -0.100957 -0.920287
vn -0.468448 -0.093903 -0.878487
vn -0.701196 -0.150074 -0.696995
vn -0.864108 -0.227951 -0.448727
vn -0.911207 -0.264691 -0.315658
vn -0.960229 -0.271940 0.063314
vn -0.882029 -0.194682 0.429097
vn -0.855726 -0.289152 0.429097
vn -0.822932 -0.124037 0.554434
vn -0.795554 -0.227162 0.561686
vn -0.612374 0.026370 0.790128
vn -0.596830 -0.082694 0.798095
vn -0.600849 0.078945 0.795454
vn -0.814896 -0.064039 0.576059
vn -0.881953 -0.131481 0.452627
vn -0.973531 -0.220820 0.058953
vn -0.911804 -0.216964 -0.348627
vn -0.858147 -0.172622 -0.483514
vn -0.723954 -0.109119 -0.681164
vn -0.547949 -0.071662 -0.833437
vn -0.465272 -0.090140 -0.880566
vn -0.285033 -0.045145 -0.957454
vn -0.116934 0.047924 -0.991983
vn -0.141571 0.169701 -0.975274
vn -0.610245 0.182040 0.771014
vn -0.341700 0.078823 -0.936498
vn -0.520084 0.056563 -0.852240
vn -0.594084 0.041542 -0.803330
vn -0.749583 0.015097 -0.661738
vn -0.867538 -0.049058 -0.494946
vn -0.925365 -0.086752 -0.369018
vn -0.993748 -0.101789 0.045863
vn -0.897548 -0.003775 0.440900
vn -0.824866 0.064067 0.561686
vn -0.577249 0.276794 0.768225
vn -0.814252 0.183360 0.550793
vn -0.544160 0.289525 0.787443
vn -0.889939 0.116687 0.440900
vn -0.998571 0.045278 0.028397
vn -0.918802 0.033974 -0.393255
vn -0.857145 0.071724 -0.510057
vn -0.717851 0.127856 -0.684356
vn -0.546978 0.174940 -0.818664
vn -0.464172 0.233116 -0.854518
vn -0.331739 0.269042 -0.904194
vn -0.200723 0.267274 -0.942483
vn -0.368430 0.252717 -0.894647
vn -0.462522 0.191583 -0.865661
vn -0.669271 0.135052 -0.730641
vn -0.826437 0.098005 -0.554434
vn -0.895263 0.064116 -0.440900
vn -0.996150 0.082942 0.028397
vn -0.861709 0.153858 0.483514
vn -0.777723 0.216204 0.590257
vn -0.554668 0.174283 0.813615
vn -0.753038 0.171876 0.635132
vn -0.601622 0.097577 0.792799
vn -0.842638 0.161126 0.513810
vn -0.993304 0.113004 0.024029
vn -0.879260 0.064177 -0.471999
vn -0.803130 0.049090 -0.593778
vn -0.646472 0.022659 -0.762601
vn -0.439728 0.079030 -0.894647
vn -0.673647 -0.060412 -0.736580
vn -0.824577 -0.022663 -0.565296
vn -0.897444 0.060399 -0.436974
vn -0.989532 0.142967 0.019661
vn -0.863855 0.153810 0.479685
vn -0.779512 0.101516 0.618107
vn -0.657926 0.156792 0.736580
vn -0.861709 0.153858 0.483514
vn -0.681251 0.465121 0.565296
vn -0.770047 0.561339 0.303194
vn -0.911636 0.224100 0.344528
vn -0.976000 0.217233 0.015292
vn -0.936257 0.154218 -0.315658
vn -0.897920 0.052858 -0.436974
vn -0.792351 0.562616 -0.235888
vn -0.791393 0.610429 -0.032765
vn -0.775472 0.606344 0.176038
vn 0.077377 -0.179381 -0.980732
vn 0.020724 -0.146555 -0.988985
vn 0.009441 -0.169320 -0.985516
vn -0.092524 -0.109938 -0.989623
vn -0.100797 -0.114217 -0.988329
vn -0.544700 0.192888 -0.816147
vn -0.596616 0.168018 -0.784742
vn -0.087332 -0.091342 -0.991983
vn -0.508881 0.174489 -0.842967
vn -0.495765 0.167043 -0.852240
vn -0.786526 0.424290 -0.448727
vn -0.766820 0.389654 -0.510057
vn -0.470069 0.148762 -0.870003
vn -0.749123 0.351175 -0.561686
vn -0.429685 0.148352 -0.890709
vn -0.713459 0.336396 -0.614666
vn -0.351904 0.188632 -0.916832
vn -0.646702 0.361737 -0.671508
vn -0.323904 0.233462 -0.916832
vn -0.596369 0.408994 -0.690702
vn -0.269770 0.277784 -0.921987
vn -0.555206 0.453812 -0.696995
vn -0.045214 0.372367 -0.926984
vn -0.330049 0.571662 -0.751179
vn -0.667453 0.512949 -0.539805
vn -0.444807 0.654648 -0.611214
vn -0.782084 0.622312 -0.032765
vn -0.593763 0.802478 -0.058953
vn -0.818340 0.574032 -0.028397
vn -0.709393 0.457532 -0.536122
vn -0.835400 0.549117 -0.024029
vn -0.737070 0.425548 -0.525011
vn -0.847706 0.530101 -0.019661
vn -0.771532 0.413463 -0.483514
vn -0.798037 0.430973 -0.421188
vn -0.851685 0.523685 -0.019661
vn -0.839523 0.542792 -0.024029
vn -0.808343 0.458701 -0.369018
vn -0.827012 0.561671 -0.024029
vn -0.812061 0.498628 -0.303194
vn -0.831230 0.555410 -0.024029
vn -0.831269 0.516268 -0.206059
vn -0.874599 0.484606 -0.015292
vn -0.817545 0.448760 -0.360882
vn -0.869200 0.480775 -0.115530
vn -0.857308 0.433217 -0.278110
vn -0.899035 0.437742 -0.010923
vn -0.900355 0.427599 -0.080746
vn -0.884044 0.395806 -0.248605
vn -0.617100 0.109025 -0.779295
vn -0.869569 0.416367 -0.265495
vn -0.595449 0.112665 -0.795454
vn -0.710715 0.613339 -0.344528
vn -0.508089 0.251880 -0.823652
vn -0.709622 0.677572 -0.193215
vn -0.879711 0.464331 -0.102500
vn -0.874599 0.484606 -0.015292
vn -0.871555 0.484310 0.076390
vn -0.685500 0.718848 0.115530
vn -0.672689 0.687359 0.273910
vn -0.849354 0.470037 0.240131
vn -0.424421 0.417766 0.803330
vn -0.519823 0.268244 0.811067
vn -0.865915 0.443323 0.231639
vn -0.548930 0.272715 0.790128
vn -0.839465 0.483212 0.248605
vn -0.533028 0.329515 0.779295
vn -0.664488 0.745890 -0.045863
vn -0.861306 0.500909 0.085100
vn -0.892028 0.447524 0.063314
vn -0.108182 -0.146962 -0.983208
vn 0.007563 -0.178028 -0.983996
vn -0.003778 -0.199606 -0.979869
vn 0.052433 -0.210298 -0.976230
vn -0.024549 -0.223917 -0.974299
vn 0.067097 -0.201595 -0.977168
vn -0.052700 0.727241 0.684356
vn 0.289179 0.733867 0.614666
vn -0.126009 0.939068 0.319801
vn 0.312467 0.878708 0.360882
vn -0.237317 0.937953 0.252835
vn -0.156999 0.712045 0.684356
vn -0.327682 0.922989 0.201782
vn -0.298189 0.671905 0.677958
vn -0.401366 0.896221 0.188926
vn -0.416994 0.636805 0.648534
vn -0.472175 0.858100 0.201782
vn -0.475671 0.608559 0.635132
vn -0.770047 0.561339 0.303194
vn -0.681251 0.465121 0.565296
vn -0.775472 0.606344 0.176038
vn -0.461050 0.884080 0.076390
vn -0.377399 0.924688 0.050227
vn -0.791393 0.610429 -0.032765
vn -0.461200 0.884367 -0.072033
vn -0.792351 0.562616 -0.235888
vn -0.475219 0.853295 -0.214603
vn -0.796174 0.494537 -0.348627
vn -0.493229 0.803973 -0.332193
vn -0.728676 0.347316 -0.590257
vn -0.532137 0.476089 -0.700121
vn -0.420624 0.844229 -0.332193
vn -0.473237 0.505270 -0.721629
vn -0.366993 0.926713 -0.080746
vn -0.363290 0.930076 0.054590
vn -0.340062 0.934314 0.106846
vn -0.385781 0.899285 -0.206059
vn -0.373686 0.903393 -0.210333
vn -0.351817 0.865399 -0.356804
vn -0.351812 0.538851 -0.765420
vn -0.264113 0.871477 -0.413246
vn -0.200517 0.582861 -0.787443
vn -0.380998 0.921043 -0.080746
vn -0.399794 0.913416 -0.076390
vn -0.357581 0.895348 -0.265495
vn -0.228147 0.955960 0.184634
vn -0.288441 0.953708 -0.085100
vn 0.275288 0.935110 0.223129
vn -0.242793 0.903682 -0.352719
vn -0.155802 0.857031 -0.491145
vn -0.094084 0.591605 -0.800720
vn 0.285070 0.784450 -0.550793
vn 0.251868 0.599430 -0.759767
vn 0.251674 0.867488 -0.429097
vn 0.230180 0.967265 -0.106846
vn -0.020799 -0.241357 -0.970214
vn -0.013251 -0.164743 -0.986248
vn -0.050737 -0.236879 -0.970214
vn -0.050243 -0.161969 -0.985516
vn -0.058001 -0.239567 -0.969146
vn -0.042978 -0.164046 -0.985516
vn -0.067201 -0.245932 -0.966955
vn -0.045005 -0.167962 -0.984766
vn -0.001914 -0.052374 -0.998626
vn -0.038968 -0.047104 -0.998130
vn -0.030494 -0.042623 -0.998626
vn -0.016820 -0.054223 -0.998387
vn 0.043373 0.468066 -0.882628
vn 0.113910 0.423900 -0.898517
vn 0.000000 0.442860 -0.896591
vn 0.020766 0.469613 -0.882628
vn 0.043446 0.618298 -0.784742
vn 0.024547 0.924179 -0.381169
vn -0.369951 0.415394 -0.831014
vn -0.578321 0.760661 -0.294855
vn -0.452924 0.370177 -0.811067
vn -0.647273 0.711344 -0.273910
vn -0.391563 0.379529 -0.838234
vn -0.576968 0.763292 -0.290677
vn -0.314639 0.374645 -0.872149
vn -0.486720 0.802748 -0.344528
vn -0.329036 0.335712 -0.882628
vn -0.509793 0.767209 -0.389234
vn -0.508089 0.251880 -0.823652
vn -0.710715 0.613339 -0.344528
vn -0.474956 0.847805 -0.235888
vn -0.709622 0.677572 -0.193215
vn -0.439191 0.896457 -0.058953
vn -0.664488 0.745890 -0.045863
vn -0.435866 0.890785 0.128540
vn -0.685500 0.718848 0.115530
vn -0.446217 0.853317 0.269705
vn -0.672689 0.687359 0.273910
vn -0.221628 0.514143 0.828576
vn -0.424421 0.417766 0.803330
vn -0.026424 0.968244 -0.248605
vn -0.588234 0.792944 -0.158808
vn -0.056599 0.966950 -0.248605
vn -0.594278 0.788425 -0.158808
vn -0.039641 0.964449 -0.261280
vn -0.250408 0.544191 0.800720
vn -0.455309 0.864083 0.214603
vn -0.428812 0.898511 0.093804
vn -0.418946 0.906621 -0.050227
vn -0.447557 0.875883 -0.180338
vn -0.570337 0.811966 -0.124206
vn -0.670810 0.565611 0.479685
vn -0.632136 0.764121 0.128540
vn -0.745859 0.612721 0.261280
vn -0.976223 0.079197 0.201782
vn -0.598612 0.800798 0.019661
vn -0.575409 0.815738 -0.058953
vn -0.684757 0.722132 -0.098153
vn -0.665054 0.737112 -0.119869
vn -0.615532 0.770122 -0.167429
vn -0.714551 0.695865 -0.072033
vn -0.743267 0.668563 0.024029
vn -0.656013 0.741361 0.141528
vn -0.728006 0.497216 0.471999
vn -0.970894 -0.041498 0.235888
vn -0.740465 0.374533 0.558065
vn -0.808778 -0.241768 0.536122
vn -0.498766 0.145023 0.854518
vn -0.724226 0.557899 0.405273
vn -0.403513 0.321102 0.856780
vn -0.011314 0.938708 0.344528
vn -0.045170 0.693958 0.718598
vn -0.007549 0.985114 -0.171735
vn -0.642514 0.762457 -0.076390
vn 0.011319 0.977564 0.210333
vn -0.693890 0.651192 0.307354
vn 0.035862 0.998094 0.050227
vn -0.039641 0.964449 -0.261280
vn 0.648677 0.758049 -0.067674
vn 0.552991 0.819542 -0.150174
vn 0.808396 0.566813 0.158808
vn 0.856110 0.503715 0.115530
vn 0.954645 0.150246 0.257060
vn -0.056599 0.966950 -0.248605
vn -0.007549 0.985114 -0.171735
vn 0.712044 0.701370 0.032765
vn 0.748473 0.656498 0.093804
vn 0.875197 0.477698 0.076390
vn 0.996426 0.067911 0.050227
vn 0.868231 0.456994 0.193215
vn 0.990295 0.052845 0.128540
vn 0.690912 0.251026 0.677958
vn 0.855618 0.007540 0.517554
vn 0.035862 0.998094 0.050227
vn 0.011319 0.977564 0.210333
vn -0.011314 0.938708 0.344528
vn 0.747808 0.625297 0.223129
vn -0.045170 0.693958 0.718598
vn 0.525546 0.393955 0.754056
vn 0.887498 0.157554 0.433040
vn 0.745410 0.662703 0.072033
vn 0.510727 0.826750 -0.235888
vn -0.026424 0.968244 -0.248605
vn 0.540574 0.772934 -0.332193
vn 0.024547 0.924179 -0.381169
vn 0.916780 0.194868 0.348627
vn 0.719972 0.666564 -0.193215
vn 0.994126 0.098031 -0.045863
vn 0.692087 0.565384 -0.448727
vn 0.880434 0.045322 -0.471999
vn 0.716729 0.418166 -0.558065
vn 0.801884 -0.015109 -0.597288
vn 0.562237 0.097857 -0.821166
vn 0.650395 -0.112764 -0.751179
vn 0.625934 0.643283 -0.440900
vn 0.463030 0.273879 -0.842967
vn 0.043446 0.618298 -0.784742
vn 0.133350 -0.867249 0.479685
vn 0.644958 -0.472318 0.600787
vn -0.440872 -0.588222 0.677958
vn 0.154853 -0.218245 0.963530
vn -0.652001 -0.414129 0.635132
vn -0.114469 -0.086856 0.989623
vn -0.808778 -0.241768 0.536122
vn -0.498766 0.145023 0.854518
vn 0.101670 0.050138 0.993554
vn 0.356617 -0.067339 0.931821
vn 0.690912 0.251026 0.677958
vn 0.855618 0.007540 0.517554
vn 0.765021 -0.280674 0.579625
vn 0.525546 0.393955 0.754056
vn -0.403513 0.321102 0.856780
vn -0.045170 0.693958 0.718598
vn 0.450768 -0.660199 0.600787
vn -0.105543 -0.984904 -0.137202
vn -0.779481 -0.402879 0.479685
vn -0.888225 -0.406205 -0.214603
vn -0.841727 -0.153736 0.517554
vn -0.889769 -0.325636 -0.319801
vn -0.670810 0.565611 0.479685
vn -0.976223 0.079197 0.201782
vn -0.912956 -0.385819 -0.132872
vn -0.827154 -0.561768 0.015292
vn -0.440872 -0.588222 0.677958
vn 0.133350 -0.867249 0.479685
vn 0.030201 -0.999484 0.010923
vn -0.652001 -0.414129 0.635132
vn -0.970894 -0.041498 0.235888
vn -0.808778 -0.241768 0.536122
vt 0.538669 0.049237
vt 0.546560 0.075349
vt 0.532963 0.065754
vt 0.540854 0.091987
vt 0.554329 0.101946
vt 0.548502 0.118949
vt 0.561856 0.129151
vt 0.557971 0.151255
vt 0.545224 0.140567
vt 0.535148 0.108747
vt 0.532356 0.130001
vt 0.521794 0.098546
vt 0.527378 0.082150
vt 0.541825 0.162307
vt 0.554208 0.173359
vt 0.567926 0.192548
vt 0.572054 0.170322
vt 0.576303 0.148097
vt 0.586137 0.189390
vt 0.590750 0.167043
vt 0.600098 0.208458
vt 0.605197 0.185990
vt 0.595120 0.231048
vt 0.581523 0.211858
vt 0.576789 0.234327
vt 0.563556 0.214895
vt 0.575696 0.249629
vt 0.588929 0.267240
vt 0.587958 0.280721
vt 0.590022 0.253637
vt 0.550444 0.195463
vt 0.562463 0.232019
vt 0.574725 0.264932
vt 0.586744 0.294323
vt 0.573632 0.280235
vt 0.585772 0.307925
vt 0.561371 0.249144
vt 0.549352 0.214409
vt 0.538547 0.183925
vt 0.529442 0.151255
vt 0.519366 0.119313
vt 0.517059 0.139960
vt 0.526650 0.172387
vt 0.537576 0.204086
vt 0.548259 0.233355
vt 0.560278 0.266147
vt 0.572540 0.295659
vt 0.584680 0.321406
vt 0.571447 0.310840
vt 0.583709 0.335009
vt 0.559307 0.283271
vt 0.547045 0.252058
vt 0.536605 0.224368
vt 0.525800 0.193884
vt 0.514752 0.160849
vt 0.492657 0.138867
vt 0.494964 0.117856
vt 0.497392 0.096724
vt 0.503098 0.079964
vt 0.508804 0.063325
vt 0.514509 0.046443
vt 0.490350 0.043893
vt 0.484645 0.060896
vt 0.478817 0.077899
vt 0.472990 0.094902
vt 0.470562 0.116277
vt 0.468134 0.137652
vt 0.490229 0.159878
vt 0.514024 0.183682
vt 0.524950 0.215380
vt 0.535633 0.244650
vt 0.545953 0.271005
vt 0.558214 0.300395
vt 0.570354 0.326143
vt 0.582009 0.347761
vt 0.569747 0.341081
vt 0.580309 0.360756
vt 0.466313 0.041221
vt 0.460364 0.058467
vt 0.557122 0.317520
vt 0.544860 0.289951
vt 0.534662 0.264811
vt 0.524222 0.236999
vt 0.513295 0.206515
vt 0.489622 0.182346
vt 0.465584 0.159149
vt 0.443611 0.136559
vt 0.446160 0.114820
vt 0.448588 0.092959
vt 0.454537 0.075713
vt 0.441061 0.158299
vt 0.465099 0.181010
vt 0.440697 0.179674
vt 0.489015 0.204693
vt 0.512688 0.229347
vt 0.523372 0.258495
vt 0.533691 0.284971
vt 0.543767 0.308654
vt 0.557486 0.334401
vt 0.569262 0.356020
vt 0.578610 0.373508
vt 0.568655 0.370836
vt 0.557971 0.351162
vt 0.558457 0.368043
vt 0.545346 0.327600
vt 0.532720 0.305253
vt 0.522522 0.280113
vt 0.511960 0.252301
vt 0.488408 0.227040
vt 0.464613 0.202871
vt 0.440211 0.201049
vt 0.464006 0.224854
vt 0.439726 0.222546
vt 0.489258 0.250722
vt 0.511353 0.275255
vt 0.521672 0.301610
vt 0.535391 0.325657
vt 0.546802 0.346546
vt 0.548381 0.365371
vt 0.538061 0.346061
vt 0.525557 0.323714
vt 0.510746 0.298088
vt 0.490229 0.274405
vt 0.466556 0.249144
vt 0.443854 0.247565
vt 0.469105 0.273555
vt 0.447981 0.272826
vt 0.491200 0.297966
vt 0.515724 0.321649
vt 0.529442 0.345696
vt 0.540854 0.366464
vt 0.548745 0.374844
vt 0.541218 0.375937
vt 0.549230 0.384196
vt 0.533205 0.367679
vt 0.520701 0.345332
vt 0.497149 0.321771
vt 0.471655 0.297966
vt 0.452109 0.297845
vt 0.478453 0.321892
vt 0.459757 0.321892
vt 0.502976 0.345453
vt 0.525678 0.368893
vt 0.533691 0.376909
vt 0.541704 0.385168
vt 0.549716 0.393548
vt 0.542068 0.394519
vt 0.534055 0.386139
vt 0.534662 0.395248
vt 0.526043 0.378002
vt 0.508804 0.369258
vt 0.485252 0.345696
vt 0.467527 0.345939
vt 0.492050 0.369622
vt 0.475175 0.369986
vt 0.510867 0.378731
vt 0.526650 0.387111
vt 0.527014 0.396220
vt 0.512931 0.388082
vt 0.495571 0.379338
vt 0.480396 0.379945
vt 0.499213 0.389054
vt 0.485616 0.390026
vt 0.514874 0.397555
vt 0.530170 0.405571
vt 0.519730 0.407150
vt 0.533448 0.415044
vt 0.502855 0.398770
vt 0.490836 0.400106
vt 0.509168 0.408850
vt 0.524464 0.416866
vt 0.536605 0.424396
vt 0.529199 0.426582
vt 0.515602 0.418809
vt 0.498727 0.410429
vt 0.485130 0.404114
vt 0.493143 0.413587
vt 0.479303 0.408122
vt 0.487558 0.416745
vt 0.473597 0.412129
vt 0.481852 0.420024
vt 0.495571 0.425489
vt 0.490108 0.427918
vt 0.501155 0.423060
vt 0.506618 0.420752
vt 0.521915 0.428768
vt 0.514631 0.430954
vt 0.509046 0.432654
vt 0.503705 0.434233
vt 0.498242 0.435812
vt 0.509289 0.443464
vt 0.504190 0.444921
vt 0.514509 0.442249
vt 0.519608 0.440792
vt 0.526528 0.438606
vt 0.533448 0.436298
vt 0.540247 0.434112
vt 0.544739 0.433383
vt 0.541461 0.423546
vt 0.549230 0.432654
vt 0.546195 0.422696
vt 0.553722 0.432047
vt 0.551051 0.421845
vt 0.556393 0.442006
vt 0.552266 0.442613
vt 0.548138 0.443221
vt 0.543889 0.443828
vt 0.537454 0.446135
vt 0.531142 0.448443
vt 0.524586 0.450751
vt 0.519851 0.451722
vt 0.514995 0.452815
vt 0.510139 0.453908
vt 0.520580 0.462045
vt 0.515966 0.462896
vt 0.559185 0.451965
vt 0.525071 0.461317
vt 0.529685 0.460467
vt 0.535633 0.458159
vt 0.541582 0.455851
vt 0.547652 0.453544
vt 0.551416 0.453058
vt 0.555301 0.452451
vt 0.566227 0.468604
vt 0.562342 0.468847
vt 0.558578 0.469332
vt 0.554815 0.469575
vt 0.548988 0.472247
vt 0.543160 0.474798
vt 0.537333 0.477470
vt 0.532841 0.477955
vt 0.528349 0.478441
vt 0.523736 0.478927
vt 0.535876 0.494715
vt 0.531384 0.494958
vt 0.540489 0.494594
vt 0.544981 0.494351
vt 0.550687 0.491558
vt 0.556393 0.488643
vt 0.562099 0.485728
vt 0.565863 0.485485
vt 0.569505 0.485242
vt 0.573147 0.485121
vt 0.576182 0.483906
vt 0.569262 0.467632
vt 0.562342 0.451236
vt 0.572418 0.466539
vt 0.565741 0.450265
vt 0.575575 0.465446
vt 0.568898 0.449536
vt 0.582252 0.481599
vt 0.579217 0.482692
vt 0.586015 0.498845
vt 0.583102 0.500302
vt 0.580309 0.501638
vt 0.576546 0.501638
vt 0.573025 0.501760
vt 0.569262 0.501881
vt 0.563799 0.505039
vt 0.558336 0.508196
vt 0.552751 0.511354
vt 0.548259 0.511233
vt 0.543646 0.511111
vt 0.539154 0.510868
vt 0.552266 0.536980
vt 0.547288 0.536494
vt 0.588808 0.497630
vt 0.590993 0.527143
vt 0.557243 0.537466
vt 0.562220 0.537952
vt 0.567805 0.534308
vt 0.573511 0.530665
vt 0.579095 0.527021
vt 0.583102 0.527143
vt 0.587108 0.527143
vt 0.601798 0.552647
vt 0.597548 0.552526
vt 0.612481 0.578273
vt 0.593178 0.552283
vt 0.588929 0.552040
vt 0.583223 0.556291
vt 0.577396 0.560420
vt 0.571568 0.564549
vt 0.566348 0.563820
vt 0.560885 0.562849
vt 0.555543 0.562120
vt 0.569626 0.588839
vt 0.563799 0.587625
vt 0.575332 0.590054
vt 0.581159 0.591147
vt 0.586986 0.586653
vt 0.592814 0.581917
vt 0.598762 0.577180
vt 0.603254 0.577544
vt 0.607868 0.577909
vt 0.621465 0.591754
vt 0.623043 0.587382
vt 0.615759 0.576087
vt 0.624742 0.583131
vt 0.618915 0.574022
vt 0.626321 0.578759
vt 0.622072 0.571958
vt 0.630448 0.585560
vt 0.630448 0.592118
vt 0.630448 0.598677
vt 0.630570 0.605235
vt 0.637975 0.609850
vt 0.639554 0.618716
vt 0.621950 0.600741
vt 0.614909 0.589325
vt 0.608232 0.586775
vt 0.601555 0.584346
vt 0.595363 0.589325
vt 0.589172 0.594183
vt 0.582980 0.599162
vt 0.576910 0.597948
vt 0.570840 0.596612
vt 0.564648 0.595398
vt 0.572054 0.604385
vt 0.565741 0.603049
vt 0.634697 0.592361
vt 0.636276 0.601227
vt 0.578488 0.605842
vt 0.584923 0.607057
vt 0.591478 0.601956
vt 0.598034 0.596733
vt 0.604468 0.591511
vt 0.613209 0.596126
vt 0.628870 0.612036
vt 0.642953 0.634019
vt 0.633969 0.629404
vt 0.646352 0.649200
vt 0.618065 0.605356
vt 0.607382 0.598677
vt 0.600583 0.604142
vt 0.593664 0.609607
vt 0.586865 0.614951
vt 0.580067 0.613615
vt 0.573389 0.612158
vt 0.566591 0.610943
vt 0.583102 0.635112
vt 0.589415 0.635840
vt 0.595606 0.636569
vt 0.602405 0.631104
vt 0.609324 0.625639
vt 0.616123 0.620173
vt 0.625107 0.624788
vt 0.639189 0.646649
vt 0.649751 0.664503
vt 0.644288 0.664017
vt 0.632027 0.644220
vt 0.624864 0.641670
vt 0.617944 0.647257
vt 0.611145 0.652600
vt 0.604347 0.658066
vt 0.598641 0.657944
vt 0.592935 0.657944
vt 0.576910 0.634383
vt 0.570840 0.635840
vt 0.561856 0.612643
vt 0.564770 0.637055
vt 0.557122 0.614465
vt 0.558700 0.638512
vt 0.552387 0.616408
vt 0.565134 0.660738
vt 0.572540 0.659645
vt 0.579824 0.658794
vt 0.587108 0.657944
vt 0.571447 0.682842
vt 0.580067 0.682356
vt 0.588808 0.681870
vt 0.597427 0.681384
vt 0.602647 0.680777
vt 0.607746 0.680170
vt 0.612967 0.679562
vt 0.619886 0.674097
vt 0.626685 0.668753
vt 0.633605 0.663167
vt 0.638947 0.663652
vt 0.567684 0.111784
vt 0.560157 0.084943
vt 0.552266 0.058467
vt 0.553237 0.033691
vt 0.566105 0.044136
vt 0.567805 0.018146
vt 0.579824 0.029562
vt 0.582373 0.002600
vt 0.593542 0.015109
vt 0.591843 0.040978
vt 0.604833 0.027619
vt 0.573632 0.094538
vt 0.565863 0.067940
vt 0.579460 0.077292
vt 0.578853 0.054459
vt 0.591721 0.064904
vt 0.603861 0.052516
vt 0.616002 0.040128
vt 0.616244 0.074134
vt 0.627292 0.062961
vt 0.594028 0.096238
vt 0.605075 0.085186
vt 0.618551 0.105468
vt 0.628506 0.095752
vt 0.631905 0.125750
vt 0.622921 0.134252
vt 0.608475 0.115184
vt 0.638461 0.086036
vt 0.640768 0.117249
vt 0.649751 0.108869
vt 0.009599 0.457430
vt 0.027566 0.459859
vt 0.025259 0.431804
vt 0.043227 0.433748
vt 0.040799 0.405207
vt 0.058645 0.406664
vt 0.056338 0.377759
vt 0.086203 0.378852
vt 0.090938 0.349947
vt 0.120803 0.351040
vt 0.125537 0.322135
vt 0.155524 0.323107
vt 0.160258 0.293959
vt 0.150668 0.352133
vt 0.116068 0.379945
vt 0.146054 0.381038
vt 0.118375 0.408850
vt 0.148361 0.409943
vt 0.120803 0.437877
vt 0.150668 0.438970
vt 0.123231 0.466782
vt 0.153096 0.467875
vt 0.162808 0.490465
vt 0.134157 0.492651
vt 0.172520 0.513054
vt 0.093244 0.465689
vt 0.090938 0.436784
vt 0.088510 0.407757
vt 0.060952 0.435691
vt 0.063380 0.464596
vt 0.105263 0.494594
vt 0.144840 0.518277
vt 0.182232 0.535644
vt 0.155767 0.544146
vt 0.194858 0.554712
vt 0.117282 0.523621
vt 0.076612 0.496659
vt 0.045534 0.462167
vt 0.059616 0.496902
vt 0.089845 0.528843
vt 0.129422 0.552647
vt 0.171549 0.565642
vt 0.207362 0.573779
vt 0.187452 0.587382
vt 0.219988 0.592847
vt 0.148361 0.576816
vt 0.102957 0.561027
vt 0.073577 0.531515
vt 0.042498 0.497023
vt 0.025502 0.497144
vt 0.057552 0.534187
vt 0.041406 0.536859
vt 0.087660 0.566249
vt 0.125173 0.587746
vt 0.167543 0.600984
vt 0.203356 0.609000
vt 0.248275 0.612886
vt 0.232978 0.629161
vt 0.276562 0.632926
vt 0.186481 0.625153
vt 0.147511 0.614587
vt 0.112669 0.595033
vt 0.072485 0.571350
vt 0.057188 0.576573
vt 0.100164 0.602320
vt 0.087660 0.609486
vt 0.137678 0.623938
vt 0.169849 0.641427
vt 0.217682 0.645556
vt 0.262843 0.649321
vt 0.304848 0.652843
vt 0.292465 0.669482
vt 0.322209 0.664381
vt 0.248882 0.665838
vt 0.202385 0.661831
vt 0.162686 0.652722
vt 0.127844 0.633047
vt 0.118132 0.642399
vt 0.155645 0.664017
vt 0.148482 0.675312
vt 0.196193 0.672883
vt 0.235042 0.682234
vt 0.280082 0.685999
vt 0.311647 0.680170
vt 0.339448 0.675919
vt 0.330707 0.690979
vt 0.356687 0.687335
vt 0.300963 0.696080
vt 0.267699 0.702638
vt 0.229700 0.693043
vt 0.190002 0.684056
vt 0.183689 0.695108
vt 0.224359 0.703974
vt 0.219017 0.714904
vt 0.263207 0.713325
vt 0.290523 0.711868
vt 0.321966 0.706038
vt 0.349767 0.701666
vt 0.366642 0.694258
vt 0.361300 0.707253
vt 0.376475 0.701059
vt 0.342847 0.716119
vt 0.313225 0.721220
vt 0.287245 0.721827
vt 0.258715 0.724013
vt 0.254224 0.734822
vt 0.284210 0.731786
vt 0.281053 0.741745
vt 0.311525 0.730328
vt 0.336049 0.730450
vt 0.355958 0.720491
vt 0.372833 0.712840
vt 0.386430 0.707982
vt 0.384245 0.718548
vt 0.402334 0.715147
vt 0.369070 0.724742
vt 0.350738 0.733608
vt 0.335563 0.738951
vt 0.309704 0.739437
vt 0.308005 0.748546
vt 0.335320 0.747210
vt 0.334956 0.755590
vt 0.351709 0.740652
vt 0.365428 0.736644
vt 0.382181 0.729235
vt 0.400513 0.724256
vt 0.418116 0.722434
vt 0.416781 0.729843
vt 0.434020 0.729721
vt 0.433049 0.735429
vt 0.415445 0.737251
vt 0.432078 0.741137
vt 0.398813 0.733243
vt 0.380117 0.739802
vt 0.367856 0.742352
vt 0.352681 0.747574
vt 0.353773 0.754618
vt 0.370163 0.747939
vt 0.372712 0.753647
vt 0.383881 0.744052
vt 0.397114 0.742109
vt 0.414110 0.744538
vt 0.431106 0.746846
vt 0.414231 0.748425
vt 0.429285 0.750489
vt 0.399056 0.746238
vt 0.387644 0.748546
vt 0.391529 0.752797
vt 0.400999 0.750246
vt 0.414353 0.752189
vt 0.427586 0.754133
vt 0.414353 0.756076
vt 0.425765 0.757655
vt 0.402941 0.754376
vt 0.007413 0.429740
vt 0.022953 0.403749
vt 0.038492 0.376788
vt 0.060952 0.348975
vt 0.095551 0.321042
vt 0.130272 0.293108
vt 0.137556 0.277441
vt 0.166450 0.279992
vt 0.144719 0.261653
vt 0.172641 0.266025
vt 0.151760 0.245986
vt 0.178833 0.251937
vt 0.159044 0.230319
vt 0.185146 0.237849
vt 0.166207 0.214652
vt 0.191337 0.223761
vt 0.173370 0.198863
vt 0.197529 0.209794
vt 0.182596 0.186232
vt 0.204206 0.197649
vt 0.191823 0.173602
vt 0.211004 0.185747
vt 0.201050 0.160971
vt 0.217682 0.173723
vt 0.206513 0.154655
vt 0.221445 0.166558
vt 0.211976 0.148340
vt 0.225209 0.159271
vt 0.217560 0.142146
vt 0.228851 0.152105
vt 0.223023 0.135952
vt 0.232735 0.144939
vt 0.228486 0.129637
vt 0.236377 0.137774
vt 0.233949 0.123321
vt 0.240141 0.130608
vt 0.243176 0.117856
vt 0.248882 0.124779
vt 0.252524 0.112512
vt 0.257744 0.118949
vt 0.261751 0.107047
vt 0.266485 0.113241
vt 0.278990 0.099760
vt 0.283481 0.105833
vt 0.296350 0.092352
vt 0.300478 0.098546
vt 0.313468 0.085065
vt 0.317474 0.091137
vt 0.338962 0.072069
vt 0.342847 0.078628
vt 0.364457 0.059074
vt 0.368341 0.065997
vt 0.389830 0.046079
vt 0.393957 0.053488
vt 0.400634 0.042679
vt 0.401241 0.050208
vt 0.411318 0.039399
vt 0.408647 0.046808
vt 0.422123 0.035999
vt 0.416174 0.043407
vt 0.005107 0.402292
vt 0.428071 0.028590
vt 0.413867 0.031869
vt 0.434020 0.021060
vt 0.399785 0.035270
vt 0.385702 0.038549
vt 0.360329 0.052152
vt 0.334956 0.065633
vt 0.309583 0.078992
vt 0.292101 0.086401
vt 0.274619 0.093688
vt 0.257137 0.100975
vt 0.247304 0.106075
vt 0.237470 0.111055
vt 0.227758 0.116156
vt 0.220474 0.121500
vt 0.213311 0.126843
vt 0.206027 0.132187
vt 0.198743 0.137531
vt 0.191459 0.142875
vt 0.184296 0.148219
vt 0.172641 0.161457
vt 0.160987 0.174695
vt 0.149332 0.188054
vt 0.141198 0.205422
vt 0.132943 0.222667
vt 0.124809 0.240156
vt 0.116675 0.257524
vt 0.108541 0.274770
vt 0.100407 0.292258
vt 0.065686 0.320070
vt 0.043105 0.348368
vt 0.020646 0.375694
vt 0.002800 0.374723
vt 0.025259 0.347882
vt 0.007292 0.347397
vt 0.047719 0.320070
vt 0.070421 0.291287
vt 0.079647 0.272219
vt 0.088753 0.253151
vt 0.097858 0.234205
vt 0.106963 0.215259
vt 0.116068 0.196070
vt 0.125295 0.177124
vt 0.139377 0.163157
vt 0.153460 0.149433
vt 0.167543 0.135466
vt 0.176648 0.131094
vt 0.185631 0.126722
vt 0.194615 0.122228
vt 0.203599 0.117856
vt 0.212583 0.113241
vt 0.221566 0.108869
vt 0.231764 0.104254
vt 0.242083 0.099639
vt 0.252281 0.095023
vt 0.270127 0.087615
vt 0.287852 0.080328
vt 0.305698 0.073041
vt 0.330950 0.059074
vt 0.356323 0.045108
vt 0.381574 0.031141
vt 0.399056 0.027862
vt 0.416538 0.024461
vt 0.417266 0.014988
vt 0.403669 0.018996
vt 0.400634 0.008794
vt 0.390072 0.023004
vt 0.376354 0.027011
vt 0.351588 0.041221
vt 0.326822 0.055309
vt 0.302056 0.069519
vt 0.284088 0.076442
vt 0.266242 0.083607
vt 0.248518 0.090651
vt 0.237956 0.094902
vt 0.227394 0.099153
vt 0.216953 0.103282
vt 0.206755 0.106561
vt 0.196558 0.109962
vt 0.186481 0.113362
vt 0.177740 0.118099
vt 0.169242 0.122836
vt 0.160501 0.127451
vt 0.144355 0.141660
vt 0.128087 0.155749
vt 0.111940 0.169958
vt 0.101985 0.190240
vt 0.092030 0.210644
vt 0.082076 0.230926
vt 0.072242 0.251208
vt 0.062287 0.271490
vt 0.052332 0.291773
vt 0.029751 0.320070
vt 0.011662 0.320070
vt 0.034243 0.292258
vt 0.016154 0.292744
vt 0.027687 0.269911
vt 0.045048 0.270640
vt 0.039221 0.247079
vt 0.055731 0.249144
vt 0.050632 0.224246
vt 0.066415 0.227647
vt 0.077098 0.206150
vt 0.062044 0.201535
vt 0.073577 0.178703
vt 0.087781 0.184532
vt 0.085111 0.155870
vt 0.098465 0.163036
vt 0.105506 0.141053
vt 0.095673 0.134859
vt 0.075034 0.149797
vt 0.085960 0.128544
vt 0.064958 0.143725
vt 0.076248 0.122350
vt 0.054760 0.137652
vt 0.097494 0.107047
vt 0.106963 0.113362
vt 0.118860 0.091744
vt 0.128087 0.098181
vt 0.130879 0.088344
vt 0.138649 0.094295
vt 0.142898 0.085186
vt 0.116554 0.119678
vt 0.126023 0.126115
vt 0.116797 0.148340
vt 0.135128 0.133888
vt 0.137192 0.104739
vt 0.146540 0.100246
vt 0.149454 0.090408
vt 0.154795 0.081907
vt 0.160016 0.086522
vt 0.155888 0.095752
vt 0.165236 0.091137
vt 0.146419 0.111176
vt 0.153460 0.119313
vt 0.161837 0.114455
vt 0.154431 0.106075
vt 0.162322 0.100853
vt 0.170092 0.109476
vt 0.178347 0.104497
vt 0.170335 0.095752
vt 0.182718 0.094538
vt 0.189638 0.102310
vt 0.194979 0.093323
vt 0.200928 0.100003
vt 0.212097 0.097695
vt 0.222902 0.093930
vt 0.218531 0.088830
vt 0.229579 0.085550
vt 0.233828 0.090165
vt 0.240748 0.082150
vt 0.207241 0.092109
vt 0.244633 0.086401
vt 0.262479 0.079599
vt 0.280446 0.072798
vt 0.276562 0.069033
vt 0.294529 0.062353
vt 0.298171 0.065875
vt 0.318445 0.047779
vt 0.258715 0.075591
vt 0.322573 0.051544
vt 0.346853 0.037213
vt 0.371255 0.022761
vt 0.366156 0.018631
vt 0.372105 0.013166
vt 0.381089 0.018146
vt 0.377932 0.007944
vt 0.342361 0.033205
vt 0.390801 0.013409
vt 0.383760 0.002600
vt 0.767997 0.297845
vt 0.746751 0.267725
vt 0.771032 0.270640
vt 0.749787 0.239913
vt 0.774067 0.243192
vt 0.752943 0.211980
vt 0.777102 0.215745
vt 0.759135 0.185990
vt 0.783294 0.190240
vt 0.765447 0.159999
vt 0.789364 0.164614
vt 0.771639 0.134009
vt 0.795555 0.138988
vt 0.778316 0.113605
vt 0.801747 0.119678
vt 0.784872 0.093080
vt 0.808060 0.100367
vt 0.791549 0.072677
vt 0.814251 0.081057
vt 0.799319 0.053852
vt 0.820564 0.061746
vt 0.807088 0.035149
vt 0.826755 0.042557
vt 0.814858 0.016324
vt 0.833068 0.023247
vt 0.796648 0.009523
vt 0.787300 0.027740
vt 0.777952 0.045958
vt 0.768604 0.064297
vt 0.761563 0.085915
vt 0.754643 0.107411
vt 0.747723 0.129030
vt 0.741410 0.155384
vt 0.734976 0.181860
vt 0.728663 0.208336
vt 0.725506 0.236634
vt 0.778559 0.002600
vt 0.767633 0.020453
vt 0.704382 0.204450
vt 0.710938 0.177731
vt 0.717251 0.150769
vt 0.723807 0.124050
vt 0.731091 0.101339
vt 0.738375 0.078628
vt 0.745659 0.055917
vt 0.756706 0.038063
vt 0.701226 0.233355
vt 0.722350 0.264932
vt 0.697948 0.262017
vt 0.719193 0.293230
vt 0.694791 0.290801
vt 0.743595 0.295659
vt 0.769939 0.340352
vt 0.745416 0.338652
vt 0.771882 0.382739
vt 0.720893 0.336952
vt 0.696370 0.335252
vt 0.681680 0.292623
vt 0.683137 0.336345
vt 0.668447 0.294323
vt 0.669661 0.337438
vt 0.655457 0.296145
vt 0.656428 0.338409
vt 0.670997 0.380431
vt 0.657400 0.380795
vt 0.672211 0.423546
vt 0.658492 0.423060
vt 0.685929 0.423789
vt 0.684472 0.380067
vt 0.697948 0.379702
vt 0.722593 0.380674
vt 0.747358 0.381645
vt 0.773946 0.425003
vt 0.749058 0.424639
vt 0.724292 0.424396
vt 0.699648 0.424153
vt 0.781837 0.464353
vt 0.757678 0.464596
vt 0.733519 0.464960
vt 0.709360 0.465446
vt 0.742624 0.505646
vt 0.718950 0.506618
vt 0.789849 0.503460
vt 0.766176 0.504553
vt 0.797740 0.542810
vt 0.774674 0.544389
vt 0.809516 0.570379
vt 0.787300 0.572565
vt 0.821292 0.598069
vt 0.751729 0.546089
vt 0.765083 0.574751
vt 0.799926 0.600741
vt 0.833068 0.625760
vt 0.812430 0.628918
vt 0.778437 0.603292
vt 0.742745 0.576937
vt 0.728663 0.547789
vt 0.756949 0.605842
vt 0.791670 0.631954
vt 0.771032 0.634990
vt 0.910887 0.058346
vt 0.904453 0.069519
vt 0.919628 0.066483
vt 0.914772 0.077656
vt 0.898018 0.080571
vt 0.910037 0.088830
vt 0.891584 0.091744
vt 0.903117 0.107533
vt 0.882479 0.110448
vt 0.896076 0.126236
vt 0.873495 0.129151
vt 0.889156 0.144939
vt 0.864390 0.147854
vt 0.883329 0.176152
vt 0.857834 0.179188
vt 0.877501 0.207243
vt 0.851157 0.210522
vt 0.871553 0.238456
vt 0.844723 0.241735
vt 0.870217 0.261046
vt 0.842659 0.264325
vt 0.868761 0.283392
vt 0.840717 0.286793
vt 0.867546 0.305861
vt 0.838774 0.309383
vt 0.869003 0.329665
vt 0.840474 0.333308
vt 0.870582 0.353469
vt 0.842295 0.357113
vt 0.872160 0.377152
vt 0.844116 0.381038
vt 0.876287 0.402656
vt 0.848365 0.406664
vt 0.880658 0.428161
vt 0.852735 0.432290
vt 0.884786 0.453665
vt 0.856863 0.458038
vt 0.892798 0.475526
vt 0.865847 0.479899
vt 0.900932 0.497266
vt 0.874952 0.501881
vt 0.908945 0.519127
vt 0.884057 0.523742
vt 0.933953 0.514390
vt 0.926791 0.492772
vt 0.919749 0.471154
vt 0.912708 0.449536
vt 0.958841 0.509654
vt 0.952771 0.488157
vt 0.946701 0.466782
vt 0.940630 0.445285
vt 0.908459 0.424153
vt 0.936381 0.420145
vt 0.904331 0.398770
vt 0.932254 0.394762
vt 0.900082 0.373387
vt 0.898747 0.349826
vt 0.928126 0.369622
vt 0.927033 0.346061
vt 0.951071 0.374358
vt 0.950221 0.350797
vt 0.974137 0.379217
vt 0.973409 0.355534
vt 0.997204 0.383953
vt 0.996718 0.360149
vt 0.972681 0.331730
vt 0.996233 0.336345
vt 0.949250 0.327114
vt 0.925941 0.322499
vt 0.897533 0.326143
vt 0.896076 0.302339
vt 0.924848 0.299060
vt 0.948400 0.303553
vt 0.971952 0.307925
vt 0.995626 0.312419
vt 0.971102 0.285457
vt 0.994047 0.289829
vt 0.948157 0.280963
vt 0.925091 0.276713
vt 0.897047 0.279992
vt 0.897776 0.257645
vt 0.925334 0.254244
vt 0.947672 0.258617
vt 0.970131 0.262867
vt 0.992348 0.267240
vt 0.969160 0.240399
vt 0.990770 0.244650
vt 0.947308 0.236148
vt 0.925577 0.232019
vt 0.898625 0.235298
vt 0.903724 0.204207
vt 0.929947 0.201049
vt 0.950950 0.205057
vt 0.971952 0.209065
vt 0.992955 0.213194
vt 0.974744 0.177852
vt 0.995140 0.181860
vt 0.954592 0.173966
vt 0.934439 0.169958
vt 0.908945 0.173116
vt 0.914043 0.142025
vt 0.938809 0.138988
vt 0.958355 0.142753
vt 0.977658 0.146640
vt 0.997204 0.150526
vt 0.976080 0.127815
vt 0.993440 0.131458
vt 0.958841 0.124050
vt 0.941480 0.120285
vt 0.918778 0.123321
vt 0.923634 0.104618
vt 0.944151 0.101582
vt 0.959326 0.105225
vt 0.974380 0.108869
vt 0.989556 0.112512
vt 0.972802 0.090044
vt 0.985671 0.093445
vt 0.959812 0.086401
vt 0.946822 0.082878
vt 0.928369 0.085793
vt 0.931647 0.074620
vt 0.948400 0.071584
vt 0.959691 0.075227
vt 0.970860 0.078749
vt 0.982150 0.082150
vt 0.969160 0.067454
vt 0.978629 0.070855
vt 0.959448 0.063932
vt 0.949978 0.060410
vt 0.934803 0.063446
vt 0.924363 0.055309
vt 0.937960 0.052152
vt 0.951557 0.049115
vt 0.959448 0.052637
vt 0.967218 0.056159
vt 0.974987 0.059560
vt 0.967946 0.042314
vt 0.975594 0.045350
vt 0.960419 0.039278
vt 0.952771 0.036242
vt 0.940752 0.038914
vt 0.928490 0.041464
vt 0.916350 0.044257
vt 0.914650 0.039156
vt 0.908702 0.053002
vt 0.912708 0.034056
vt 0.906517 0.047537
vt 0.910766 0.028955
vt 0.904331 0.041950
vt 0.917321 0.015838
vt 0.918900 0.020453
vt 0.920478 0.025190
vt 0.922056 0.029926
vt 0.932618 0.027740
vt 0.943301 0.025554
vt 0.953863 0.023368
vt 0.961269 0.025918
vt 0.968674 0.028469
vt 0.976080 0.031019
vt 0.969524 0.014624
vt 0.976687 0.016688
vt 0.923877 0.002600
vt 0.925091 0.006972
vt 0.962240 0.012559
vt 0.954956 0.010616
vt 0.945851 0.012316
vt 0.936746 0.014016
vt 0.927640 0.015717
vt 0.926426 0.011344
vt 0.929340 0.867931
vt 0.932861 0.860280
vt 0.920356 0.861616
vt 0.922784 0.854086
vt 0.936503 0.852750
vt 0.925212 0.846556
vt 0.940145 0.845099
vt 0.927519 0.839148
vt 0.943666 0.837447
vt 0.929947 0.831496
vt 0.947308 0.829917
vt 0.932254 0.823966
vt 0.950950 0.822266
vt 0.934803 0.810850
vt 0.954470 0.809149
vt 0.937353 0.797733
vt 0.958112 0.795911
vt 0.940023 0.784617
vt 0.961754 0.782673
vt 0.941237 0.769557
vt 0.963454 0.767614
vt 0.942452 0.754618
vt 0.965275 0.752554
vt 0.943544 0.739559
vt 0.967096 0.737494
vt 0.944758 0.724620
vt 0.968917 0.722556
vt 0.945972 0.709682
vt 0.970738 0.707374
vt 0.947186 0.694744
vt 0.972559 0.692315
vt 0.946336 0.666446
vt 0.972559 0.664017
vt 0.945244 0.638269
vt 0.972559 0.635597
vt 0.944394 0.610093
vt 0.972559 0.607300
vt 0.939295 0.584224
vt 0.967339 0.581188
vt 0.934075 0.558355
vt 0.962240 0.555076
vt 0.928976 0.532365
vt 0.957020 0.529086
vt 0.901053 0.535644
vt 0.906152 0.561513
vt 0.911251 0.587139
vt 0.916350 0.612886
vt 0.918171 0.640941
vt 0.919992 0.668996
vt 0.921813 0.697051
vt 0.921206 0.711868
vt 0.920599 0.726806
vt 0.919992 0.741745
vt 0.919385 0.756562
vt 0.918778 0.771500
vt 0.918171 0.786438
vt 0.916714 0.799555
vt 0.915258 0.812550
vt 0.913679 0.825667
vt 0.912465 0.833075
vt 0.911373 0.840605
vt 0.910280 0.848014
vt 0.909066 0.855543
vt 0.873010 0.539045
vt 0.878108 0.564549
vt 0.895348 0.849349
vt 0.895348 0.842062
vt 0.895226 0.834654
vt 0.895105 0.827367
vt 0.895590 0.814250
vt 0.858320 0.822388
vt 0.870582 0.823966
vt 0.855649 0.809149
vt 0.868882 0.810850
vt 0.852857 0.795911
vt 0.867304 0.797733
vt 0.850186 0.782673
vt 0.865604 0.784617
vt 0.848244 0.767735
vt 0.864269 0.769557
vt 0.846423 0.752554
vt 0.863055 0.754618
vt 0.844480 0.737615
vt 0.861841 0.739680
vt 0.842659 0.722556
vt 0.860505 0.724742
vt 0.840717 0.707374
vt 0.859291 0.709682
vt 0.838774 0.692436
vt 0.857956 0.694744
vt 0.877866 0.711868
vt 0.877259 0.697051
vt 0.896562 0.714176
vt 0.896440 0.699359
vt 0.893648 0.671547
vt 0.890977 0.643613
vt 0.888306 0.615801
vt 0.883207 0.590175
vt 0.882843 0.825667
vt 0.882236 0.812550
vt 0.896562 0.728993
vt 0.878473 0.726806
vt 0.879080 0.741745
vt 0.896562 0.743809
vt 0.896562 0.758748
vt 0.879808 0.756562
vt 0.880415 0.771621
vt 0.896562 0.773443
vt 0.896562 0.788260
vt 0.881144 0.786438
vt 0.881751 0.799555
vt 0.895955 0.801255
vt 0.918050 0.869146
vt 0.925819 0.876311
vt 0.915015 0.877526
vt 0.922177 0.884570
vt 0.911858 0.885784
vt 0.918657 0.892950
vt 0.908945 0.894043
vt 0.913801 0.905945
vt 0.904331 0.907281
vt 0.908945 0.918819
vt 0.899839 0.920398
vt 0.904088 0.931693
vt 0.895226 0.933636
vt 0.898625 0.952582
vt 0.889763 0.954161
vt 0.893162 0.973471
vt 0.884179 0.974807
vt 0.887578 0.994482
vt 0.878716 0.995454
vt 0.875316 0.976143
vt 0.869853 0.996425
vt 0.866454 0.977358
vt 0.860991 0.997397
vt 0.871917 0.957440
vt 0.880779 0.955740
vt 0.886364 0.935458
vt 0.890613 0.921977
vt 0.894862 0.908617
vt 0.885393 0.909953
vt 0.889399 0.896351
vt 0.899111 0.895258
vt 0.877380 0.937279
vt 0.881386 0.923677
vt 0.891463 0.888092
vt 0.901660 0.886878
vt 0.904331 0.878619
vt 0.906881 0.870239
vt 0.893527 0.879833
vt 0.895590 0.871453
vt 0.895469 0.864166
vt 0.907973 0.862952
vt 0.895348 0.856758
vt 0.532356 0.771257
vt 0.533327 0.754376
vt 0.538061 0.767978
vt 0.539397 0.752675
vt 0.535148 0.740773
vt 0.541582 0.740773
vt 0.537819 0.730450
vt 0.544617 0.732150
vt 0.527257 0.756076
vt 0.526650 0.774658
vt 0.521187 0.757655
vt 0.520944 0.777937
vt 0.515117 0.759355
vt 0.515845 0.740895
vt 0.509289 0.740895
vt 0.510260 0.724134
vt 0.503462 0.722434
vt 0.523372 0.713083
vt 0.517545 0.711018
vt 0.536362 0.702152
vt 0.531749 0.699480
vt 0.549473 0.691343
vt 0.545831 0.687942
vt 0.553115 0.694622
vt 0.541096 0.704945
vt 0.529199 0.715269
vt 0.517180 0.725713
vt 0.522158 0.740895
vt 0.528714 0.740895
vt 0.530899 0.728871
vt 0.556757 0.697901
vt 0.523979 0.727292
vt 0.534905 0.717455
vt 0.545831 0.707739
vt 0.560278 0.701180
vt 0.550444 0.710411
vt 0.564041 0.704460
vt 0.540732 0.719641
vt 0.546560 0.721948
vt 0.552266 0.724013
vt 0.559914 0.715876
vt 0.555179 0.713204
vt 0.567562 0.707739
vt 0.549352 0.730693
vt 0.548138 0.740773
vt 0.545467 0.751096
vt 0.543646 0.764699
vt 0.544253 0.777815
vt 0.549352 0.773200
vt 0.550566 0.787653
vt 0.554936 0.781702
vt 0.557000 0.797490
vt 0.560521 0.790325
vt 0.559185 0.775872
vt 0.564163 0.783038
vt 0.563434 0.770043
vt 0.567562 0.775872
vt 0.559185 0.763970
vt 0.554208 0.768585
vt 0.549352 0.761420
vt 0.551537 0.749396
vt 0.552630 0.738830
vt 0.553965 0.729357
vt 0.557122 0.736887
vt 0.555908 0.746846
vt 0.555058 0.758140
vt 0.559064 0.754983
vt 0.560157 0.744417
vt 0.563313 0.751947
vt 0.564527 0.741866
vt 0.567441 0.748910
vt 0.558700 0.727899
vt 0.561613 0.734944
vt 0.676096 0.978451
vt 0.680102 0.978208
vt 0.679495 0.962905
vt 0.683258 0.964484
vt 0.682773 0.947360
vt 0.686658 0.950639
vt 0.686172 0.931935
vt 0.683987 0.977965
vt 0.687143 0.965941
vt 0.687872 0.977844
vt 0.691028 0.967642
vt 0.693335 0.981730
vt 0.690300 0.954039
vt 0.689935 0.936915
vt 0.689328 0.917847
vt 0.683258 0.919669
vt 0.682044 0.932664
vt 0.677188 0.921369
vt 0.678038 0.933514
vt 0.671239 0.923191
vt 0.673910 0.934243
vt 0.668447 0.912139
vt 0.676460 0.909346
vt 0.665898 0.901087
vt 0.675731 0.897322
vt 0.663470 0.882870
vt 0.674639 0.877647
vt 0.661163 0.864652
vt 0.673425 0.858094
vt 0.658735 0.846556
vt 0.672211 0.838540
vt 0.661649 0.820323
vt 0.675731 0.811214
vt 0.664441 0.794090
vt 0.679252 0.783766
vt 0.667355 0.767857
vt 0.682773 0.756440
vt 0.663348 0.754618
vt 0.679252 0.740287
vt 0.659342 0.741259
vt 0.675731 0.724134
vt 0.655457 0.728021
vt 0.672089 0.707860
vt 0.691999 0.706889
vt 0.688843 0.687821
vt 0.708267 0.689643
vt 0.705475 0.667660
vt 0.722228 0.682842
vt 0.720043 0.658552
vt 0.736068 0.676040
vt 0.734368 0.649443
vt 0.750029 0.669361
vt 0.748815 0.640213
vt 0.773096 0.670939
vt 0.772246 0.641549
vt 0.796162 0.672518
vt 0.795919 0.642884
vt 0.819350 0.674097
vt 0.819350 0.644220
vt 0.819350 0.703852
vt 0.796648 0.702152
vt 0.819350 0.733851
vt 0.773946 0.700330
vt 0.751122 0.698509
vt 0.737646 0.702881
vt 0.724414 0.707253
vt 0.711059 0.711625
vt 0.695156 0.725956
vt 0.698191 0.745024
vt 0.713730 0.733608
vt 0.726477 0.731543
vt 0.739346 0.729600
vt 0.752336 0.727657
vt 0.774553 0.729600
vt 0.797012 0.731664
vt 0.810852 0.765913
vt 0.789121 0.763606
vt 0.802232 0.798098
vt 0.767268 0.761298
vt 0.745659 0.759112
vt 0.733276 0.760448
vt 0.721136 0.761905
vt 0.708874 0.763241
vt 0.694063 0.773565
vt 0.689935 0.802105
vt 0.704018 0.792997
vt 0.715551 0.792146
vt 0.727206 0.791418
vt 0.738860 0.790446
vt 0.759984 0.793118
vt 0.781108 0.795547
vt 0.793613 0.830282
vt 0.773096 0.827488
vt 0.752579 0.824817
vt 0.732062 0.822023
vt 0.721136 0.822266
vt 0.710209 0.822509
vt 0.699162 0.822752
vt 0.685686 0.830646
vt 0.685686 0.851657
vt 0.697948 0.845099
vt 0.707539 0.845706
vt 0.717008 0.846192
vt 0.726599 0.846799
vt 0.745659 0.849107
vt 0.764476 0.851414
vt 0.783536 0.853722
vt 0.790456 0.866474
vt 0.801747 0.844127
vt 0.797376 0.879226
vt 0.810002 0.857972
vt 0.804296 0.891857
vt 0.818257 0.871939
vt 0.790456 0.911775
vt 0.784750 0.900237
vt 0.779044 0.888821
vt 0.773339 0.877161
vt 0.755857 0.875340
vt 0.738496 0.873518
vt 0.721136 0.871575
vt 0.712880 0.870239
vt 0.704746 0.868781
vt 0.696734 0.867446
vt 0.685565 0.872546
vt 0.685565 0.893557
vt 0.776616 0.931814
vt 0.695398 0.889792
vt 0.702076 0.891978
vt 0.708753 0.894164
vt 0.715551 0.896351
vt 0.731455 0.897808
vt 0.747358 0.899265
vt 0.763141 0.900723
vt 0.767633 0.911046
vt 0.772125 0.921369
vt 0.763991 0.944931
vt 0.760470 0.935336
vt 0.751365 0.958047
vt 0.757071 0.925741
vt 0.753671 0.916147
vt 0.738860 0.915175
vt 0.724171 0.914204
vt 0.709360 0.913354
vt 0.703654 0.910074
vt 0.697948 0.907038
vt 0.692363 0.903759
vt 0.684351 0.906552
vt 0.694063 0.921855
vt 0.698555 0.925984
vt 0.703290 0.930114
vt 0.716887 0.930600
vt 0.730484 0.931207
vt 0.744202 0.931693
vt 0.746630 0.940437
vt 0.749058 0.949181
vt 0.738860 0.971042
vt 0.737404 0.963148
vt 0.732426 0.979544
vt 0.735947 0.955132
vt 0.734733 0.947238
vt 0.722228 0.947117
vt 0.709724 0.946995
vt 0.697219 0.946995
vt 0.693456 0.941894
vt 0.694063 0.957318
vt 0.704261 0.958654
vt 0.714459 0.959869
vt 0.724535 0.961326
vt 0.727084 0.967399
vt 0.729755 0.973350
vt 0.726113 0.987924
vt 0.722228 0.983673
vt 0.719800 0.996304
vt 0.714459 0.993996
vt 0.718222 0.979544
vt 0.714337 0.975415
vt 0.706446 0.972743
vt 0.698798 0.970192
vt 0.698676 0.985616
vt 0.704139 0.989503
vt 0.709360 0.991810
vt 0.454658 0.755347
vt 0.457572 0.758140
vt 0.452959 0.783281
vt 0.456115 0.786074
vt 0.451623 0.811214
vt 0.455144 0.813886
vt 0.450652 0.839148
vt 0.460728 0.760934
vt 0.459393 0.788746
vt 0.463642 0.763727
vt 0.466920 0.793240
vt 0.471048 0.768950
vt 0.465099 0.747210
vt 0.472747 0.752797
vt 0.466556 0.730693
vt 0.474447 0.736522
vt 0.468013 0.714054
vt 0.476268 0.720248
vt 0.468255 0.705431
vt 0.476996 0.711504
vt 0.468498 0.696687
vt 0.477725 0.702759
vt 0.468741 0.687942
vt 0.478453 0.694136
vt 0.486951 0.708953
vt 0.488044 0.700087
vt 0.496178 0.714904
vt 0.497756 0.706160
vt 0.494478 0.723649
vt 0.485737 0.717576
vt 0.492779 0.732393
vt 0.484645 0.726321
vt 0.490472 0.748182
vt 0.482459 0.742352
vt 0.480517 0.758262
vt 0.488044 0.763849
vt 0.485859 0.779637
vt 0.478453 0.774293
vt 0.481974 0.801863
vt 0.474447 0.797490
vt 0.478332 0.824088
vt 0.470562 0.820687
vt 0.474568 0.846313
vt 0.462792 0.817287
vt 0.466677 0.843884
vt 0.458665 0.841455
vt 0.473840 0.854086
vt 0.465342 0.851536
vt 0.456965 0.848985
vt 0.448588 0.846435
vt 0.455265 0.856515
vt 0.446403 0.853843
vt 0.453444 0.864045
vt 0.444218 0.861252
vt 0.462792 0.866838
vt 0.464128 0.859187
vt 0.472990 0.861859
vt 0.481124 0.858458
vt 0.480760 0.866110
vt 0.489258 0.862466
vt 0.489258 0.855058
vt 0.497756 0.858944
vt 0.497392 0.851657
vt 0.489258 0.847649
vt 0.497028 0.844370
vt 0.489258 0.840241
vt 0.496542 0.837083
vt 0.472140 0.869632
vt 0.481974 0.843155
vt 0.481488 0.850928
vt 0.447010 0.836354
vt 0.448103 0.808421
vt 0.443368 0.833440
vt 0.444582 0.805749
vt 0.439726 0.830768
vt 0.449559 0.780487
vt 0.160744 0.762999
vt 0.166936 0.762999
vt 0.160865 0.771379
vt 0.167300 0.771621
vt 0.154553 0.771257
vt 0.154553 0.762999
vt 0.148240 0.771014
vt 0.148361 0.762999
vt 0.143141 0.771500
vt 0.143748 0.764092
vt 0.138042 0.771986
vt 0.139013 0.765185
vt 0.132943 0.772472
vt 0.134278 0.766278
vt 0.131486 0.778787
vt 0.136949 0.778908
vt 0.142534 0.778908
vt 0.130151 0.785102
vt 0.135978 0.785710
vt 0.130394 0.790689
vt 0.135857 0.791661
vt 0.130758 0.796154
vt 0.135614 0.797733
vt 0.131001 0.801741
vt 0.135250 0.803684
vt 0.140470 0.799191
vt 0.139742 0.805506
vt 0.142048 0.786438
vt 0.147997 0.779030
vt 0.154553 0.779394
vt 0.141198 0.792754
vt 0.146540 0.793847
vt 0.145447 0.800648
vt 0.144112 0.807449
vt 0.151760 0.800769
vt 0.150303 0.807449
vt 0.147875 0.787046
vt 0.154553 0.787653
vt 0.153217 0.794211
vt 0.161108 0.779759
vt 0.161351 0.788139
vt 0.167664 0.780244
vt 0.159651 0.794576
vt 0.158073 0.801012
vt 0.156374 0.807449
vt 0.164508 0.801255
vt 0.162565 0.807449
vt 0.166329 0.794940
vt 0.168150 0.788746
vt 0.612967 0.770164
vt 0.612967 0.742838
vt 0.599734 0.770650
vt 0.599734 0.743202
vt 0.586501 0.771014
vt 0.586501 0.743567
vt 0.573268 0.771379
vt 0.573268 0.744052
vt 0.612967 0.715390
vt 0.599734 0.715754
vt 0.586501 0.716240
vt 0.573268 0.716605
vt 0.586501 0.688793
vt 0.573268 0.689157
vt 0.612967 0.687942
vt 0.599734 0.688428
vt 0.084382 0.762999
vt 0.075763 0.763241
vt 0.084261 0.778301
vt 0.075641 0.778544
vt 0.084018 0.793604
vt 0.075398 0.793847
vt 0.083775 0.809028
vt 0.075156 0.809149
vt 0.084018 0.818137
vt 0.075641 0.818137
vt 0.084261 0.827246
vt 0.075884 0.827003
vt 0.084382 0.836233
vt 0.076248 0.835869
vt 0.067750 0.826881
vt 0.068236 0.835504
vt 0.059373 0.826638
vt 0.060102 0.835140
vt 0.049418 0.828582
vt 0.050025 0.837326
vt 0.039342 0.830646
vt 0.039828 0.839391
vt 0.029387 0.832468
vt 0.029630 0.841577
vt 0.067143 0.763484
vt 0.067022 0.778787
vt 0.058645 0.763849
vt 0.058402 0.779151
vt 0.049904 0.764092
vt 0.029266 0.823359
vt 0.039099 0.821659
vt 0.048933 0.819959
vt 0.058645 0.818258
vt 0.067143 0.818258
vt 0.066657 0.809514
vt 0.029144 0.814250
vt 0.038735 0.812793
vt 0.030237 0.797855
vt 0.020282 0.817287
vt 0.048447 0.811336
vt 0.058038 0.809757
vt 0.058159 0.794454
vt 0.066779 0.794211
vt 0.049418 0.779880
vt 0.048933 0.795547
vt 0.039463 0.796640
vt 0.031329 0.781337
vt 0.021375 0.800648
vt 0.011541 0.820444
vt 0.012634 0.803441
vt 0.002800 0.823359
vt 0.003771 0.806113
vt 0.013726 0.786438
vt 0.004742 0.788867
vt 0.014697 0.769435
vt 0.005835 0.771621
vt 0.041163 0.764456
vt 0.040435 0.780609
vt 0.023560 0.767128
vt 0.022467 0.783888
vt 0.032543 0.764942
vt 0.124323 0.799191
vt 0.115461 0.805749
vt 0.114247 0.797369
vt 0.106720 0.803320
vt 0.109270 0.810971
vt 0.101985 0.807935
vt 0.124445 0.790203
vt 0.124081 0.808178
vt 0.116554 0.814129
vt 0.115097 0.821173
vt 0.108056 0.818258
vt 0.101136 0.815222
vt 0.106842 0.825424
vt 0.100043 0.822509
vt 0.105628 0.832468
vt 0.099072 0.829796
vt 0.123959 0.817165
vt 0.122138 0.824209
vt 0.120439 0.831132
vt 0.113640 0.828339
vt 0.118618 0.838055
vt 0.112062 0.835261
vt 0.097979 0.800769
vt 0.104049 0.795547
vt 0.113033 0.789110
vt 0.124445 0.781095
vt 0.114247 0.780487
vt 0.124445 0.772107
vt 0.093973 0.793847
vt 0.101500 0.787896
vt 0.089967 0.786681
vt 0.104049 0.779759
vt 0.093852 0.779151
vt 0.106599 0.771743
vt 0.097615 0.771621
vt 0.109148 0.763727
vt 0.101378 0.763970
vt 0.115461 0.771864
vt 0.116797 0.763241
vt 0.124445 0.762999
vt 0.638218 0.687942
vt 0.638218 0.710896
vt 0.631662 0.690857
vt 0.631662 0.713690
vt 0.625107 0.693651
vt 0.625107 0.716483
vt 0.618551 0.696444
vt 0.618551 0.719276
vt 0.625107 0.739437
vt 0.631662 0.736644
vt 0.631662 0.759598
vt 0.638218 0.756805
vt 0.638218 0.733851
vt 0.625107 0.762270
vt 0.618551 0.742231
vt 0.618551 0.765063
vt 0.194130 0.809514
vt 0.189395 0.807692
vt 0.194130 0.793968
vt 0.188667 0.795547
vt 0.194130 0.778544
vt 0.188059 0.783402
vt 0.194130 0.762999
vt 0.187331 0.771257
vt 0.181868 0.788382
vt 0.183325 0.797126
vt 0.177862 0.798705
vt 0.179926 0.804049
vt 0.184660 0.805870
vt 0.175798 0.793240
vt 0.180533 0.779637
vt 0.173855 0.788017
f 1/1/1 2/2/2 3/3/3
f 3/3/3 2/2/2 4/4/4
f 2/2/2 5/5/5 4/4/4
f 4/4/4 5/5/5 6/6/6
f 5/5/5 7/7/7 6/6/6
f 7/7/7 8/8/8 6/6/6
f 8/8/8 9/9/9 6/6/6
f 6/6/6 9/9/9 10/10/10
f 9/9/9 11/11/11 10/10/10
f 11/11/11 12/12/12 10/10/10
f 12/12/12 13/13/13 10/10/10
f 10/10/10 13/13/13 4/4/4
f 13/13/13 3/3/3 4/4/4
f 6/6/6 10/10/10 4/4/4
f 11/11/11 9/9/9 14/14/14
f 14/14/14 9/9/9 15/15/15
f 9/9/9 8/8/8 15/15/15
f 15/15/15 8/8/8 16/16/16
f 16/16/16 8/8/8 17/17/17
f 8/8/8 7/7/7 17/17/17
f 7/7/7 18/18/18 17/17/17
f 17/17/17 18/18/18 19/19/19
f 18/18/18 20/20/20 19/19/19
f 19/19/19 20/20/20 21/21/21
f 20/20/20 22/22/22 21/21/21
f 21/21/21 23/23/23 19/19/19
f 23/23/23 24/24/24 19/19/19
f 19/19/19 24/24/24 17/17/17
f 17/17/17 24/24/24 16/16/16
f 24/24/24 25/25/25 16/16/16
f 16/16/16 25/25/25 26/26/26
f 26/26/26 25/25/25 27/27/27
f 25/25/25 28/28/28 27/27/27
f 27/27/27 28/28/28 29/29/29
f 23/23/23 30/30/30 24/24/24
f 24/24/24 30/30/30 25/25/25
f 30/30/30 28/28/28 25/25/25
f 16/16/16 26/26/26 15/15/15
f 26/26/26 31/31/31 15/15/15
f 15/15/15 31/31/31 14/14/14
f 31/31/31 26/26/26 32/32/32
f 26/26/26 27/27/27 32/32/32
f 32/32/32 27/27/27 33/33/33
f 27/27/27 29/29/29 33/33/33
f 29/29/29 34/34/34 33/33/33
f 33/33/33 34/34/34 35/35/35
f 34/34/34 36/36/36 35/35/35
f 35/35/35 37/37/37 33/33/33
f 33/33/33 37/37/37 32/32/32
f 37/37/37 38/38/38 32/32/32
f 32/32/32 38/38/38 31/31/31
f 38/38/38 39/39/39 31/31/31
f 31/31/31 39/39/39 14/14/14
f 39/39/39 40/40/40 14/14/14
f 14/14/14 40/40/40 11/11/11
f 40/40/40 41/41/41 11/11/11
f 11/11/11 41/41/41 12/12/12
f 41/41/41 40/40/40 42/42/42
f 42/42/42 40/40/40 43/43/43
f 40/40/40 39/39/39 43/43/43
f 43/43/43 39/39/39 44/44/44
f 39/39/39 38/38/38 44/44/44
f 44/44/44 38/38/38 45/45/45
f 38/38/38 37/37/37 45/45/45
f 45/45/45 37/37/37 46/46/46
f 37/37/37 35/35/35 46/46/46
f 46/46/46 35/35/35 47/47/47
f 35/35/35 36/36/36 47/47/47
f 36/36/36 48/48/48 47/47/47
f 47/47/47 48/48/48 49/49/49
f 48/48/48 50/50/50 49/49/49
f 49/49/49 51/51/51 47/47/47
f 47/47/47 51/51/51 46/46/46
f 51/51/51 52/52/52 46/46/46
f 46/46/46 52/52/52 45/45/45
f 52/52/52 53/53/53 45/45/45
f 45/45/45 53/53/53 44/44/44
f 53/53/53 54/54/54 44/44/44
f 44/44/44 54/54/54 43/43/43
f 54/54/54 55/55/55 43/43/43
f 43/43/43 55/55/55 42/42/42
f 55/55/55 56/56/56 42/42/42
f 56/56/56 57/57/57 42/42/42
f 42/42/42 57/57/57 41/41/41
f 57/57/57 58/58/58 41/41/41
f 41/41/41 58/58/58 12/12/12
f 58/58/58 59/59/59 12/12/12
f 12/12/12 59/59/59 13/13/13
f 59/59/59 60/60/60 13/13/13
f 13/13/13 60/60/60 3/3/3
f 60/60/60 61/61/61 3/3/3
f 3/3/3 61/61/61 1/1/1
f 61/61/61 60/60/60 62/62/62
f 62/62/62 60/60/60 63/63/63
f 60/60/60 59/59/59 63/63/63
f 63/63/63 59/59/59 64/64/64
f 59/59/59 58/58/58 64/64/64
f 64/64/64 58/58/58 65/65/65
f 58/58/58 57/57/57 65/65/65
f 65/65/65 57/57/57 66/66/66
f 57/57/57 56/56/56 66/66/66
f 66/66/66 56/56/56 67/67/67
f 67/67/67 56/56/56 68/68/68
f 56/56/56 55/55/55 68/68/68
f 68/68/68 55/55/55 69/69/69
f 55/55/55 54/54/54 69/69/69
f 69/69/69 54/54/54 70/70/70
f 54/54/54 53/53/53 70/70/70
f 70/70/70 53/53/53 71/71/71
f 53/53/53 52/52/52 71/71/71
f 71/71/71 52/52/52 72/72/72
f 52/52/52 51/51/51 72/72/72
f 72/72/72 51/51/51 73/73/73
f 51/51/51 49/49/49 73/73/73
f 73/73/73 49/49/49 74/74/74
f 49/49/49 50/50/50 74/74/74
f 50/50/50 75/75/75 74/74/74
f 74/74/74 75/75/75 76/76/76
f 75/75/75 77/77/77 76/76/76
f 62/62/62 63/63/63 78/78/78
f 78/78/78 63/63/63 79/79/79
f 63/63/63 64/64/64 79/79/79
f 76/76/76 80/80/80 74/74/74
f 74/74/74 80/80/80 73/73/73
f 80/80/80 81/81/81 73/73/73
f 73/73/73 81/81/81 72/72/72
f 81/81/81 82/82/82 72/72/72
f 72/72/72 82/82/82 71/71/71
f 82/82/82 83/83/83 71/71/71
f 71/71/71 83/83/83 70/70/70
f 83/83/83 84/84/84 70/70/70
f 70/70/70 84/84/84 69/69/69
f 84/84/84 85/85/85 69/69/69
f 69/69/69 85/85/85 68/68/68
f 85/85/85 86/86/86 68/68/68
f 68/68/68 86/86/86 67/67/67
f 86/86/86 87/87/87 67/67/67
f 87/87/87 88/88/88 67/67/67
f 67/67/67 88/88/88 66/66/66
f 88/88/88 89/89/89 66/66/66
f 66/66/66 89/89/89 65/65/65
f 89/89/89 90/90/90 65/65/65
f 65/65/65 90/90/90 64/64/64
f 90/90/90 79/79/79 64/64/64
f 87/87/87 86/86/86 91/91/91
f 86/86/86 92/92/92 91/91/91
f 91/91/91 92/92/92 93/93/93
f 86/86/86 85/85/85 92/92/92
f 92/92/92 85/85/85 94/94/94
f 85/85/85 84/84/84 94/94/94
f 94/94/94 84/84/84 95/95/95
f 84/84/84 83/83/83 95/95/95
f 95/95/95 83/83/83 96/96/96
f 83/83/83 82/82/82 96/96/96
f 96/96/96 82/82/82 97/97/97
f 82/82/82 81/81/81 97/97/97
f 97/97/97 81/81/81 98/98/98
f 81/81/81 80/80/80 98/98/98
f 98/98/98 80/80/80 99/99/99
f 80/80/80 76/76/76 99/99/99
f 99/99/99 76/76/76 100/100/100
f 76/76/76 77/77/77 100/100/100
f 77/77/77 101/101/101 100/100/100
f 101/101/101 102/102/102 100/100/100
f 100/100/100 102/102/102 103/103/103
f 102/102/102 104/104/104 103/103/103
f 100/100/100 103/103/103 99/99/99
f 103/103/103 105/105/105 99/99/99
f 99/99/99 105/105/105 98/98/98
f 105/105/105 106/106/106 98/98/98
f 98/98/98 106/106/106 97/97/97
f 106/106/106 107/107/107 97/97/97
f 97/97/97 107/107/107 96/96/96
f 107/107/107 108/108/108 96/96/96
f 96/96/96 108/108/108 95/95/95
f 108/108/108 109/109/109 95/95/95
f 95/95/95 109/109/109 94/94/94
f 109/109/109 110/110/110 94/94/94
f 94/94/94 110/110/110 92/92/92
f 92/92/92 110/110/110 93/93/93
f 93/93/93 110/110/110 111/111/111
f 110/110/110 112/112/112 111/111/111
f 111/111/111 112/112/112 113/113/113
f 110/110/110 109/109/109 112/112/112
f 112/112/112 109/109/109 114/114/114
f 109/109/109 108/108/108 114/114/114
f 114/114/114 108/108/108 115/115/115
f 108/108/108 107/107/107 115/115/115
f 115/115/115 107/107/107 116/116/116
f 107/107/107 106/106/106 116/116/116
f 116/116/116 106/106/106 117/117/117
f 106/106/106 105/105/105 117/117/117
f 117/117/117 105/105/105 118/118/118
f 105/105/105 103/103/103 118/118/118
f 103/103/103 104/104/104 118/118/118
f 104/104/104 119/119/119 118/118/118
f 119/119/119 120/120/120 118/118/118
f 118/118/118 120/120/120 117/117/117
f 120/120/120 121/121/121 117/117/117
f 117/117/117 121/121/121 116/116/116
f 121/121/121 122/122/122 116/116/116
f 116/116/116 122/122/122 115/115/115
f 122/122/122 123/123/123 115/115/115
f 115/115/115 123/123/123 114/114/114
f 123/123/123 124/124/124 114/114/114
f 114/114/114 124/124/124 112/112/112
f 112/112/112 124/124/124 113/113/113
f 113/113/113 124/124/124 125/125/125
f 124/124/124 126/126/126 125/125/125
f 125/125/125 126/126/126 127/127/127
f 124/124/124 123/123/123 126/126/126
f 126/126/126 123/123/123 128/128/128
f 123/123/123 122/122/122 128/128/128
f 128/128/128 122/122/122 129/129/129
f 122/122/122 121/121/121 129/129/129
f 129/129/129 121/121/121 130/130/130
f 121/121/121 120/120/120 130/130/130
f 130/130/130 120/120/120 131/131/131
f 120/120/120 119/119/119 131/131/131
f 119/119/119 132/132/132 131/131/131
f 131/131/131 132/132/132 133/133/133
f 132/132/132 134/134/134 133/133/133
f 133/133/133 135/135/135 131/131/131
f 131/131/131 135/135/135 130/130/130
f 135/135/135 136/136/136 130/130/130
f 130/130/130 136/136/136 129/129/129
f 136/136/136 137/137/137 129/129/129
f 129/129/129 137/137/137 128/128/128
f 137/137/137 138/138/138 128/128/128
f 128/128/128 138/138/138 126/126/126
f 126/126/126 138/138/138 127/127/127
f 127/127/127 138/138/138 139/139/139
f 138/138/138 140/140/140 139/139/139
f 139/139/139 140/140/140 141/141/141
f 138/138/138 137/137/137 140/140/140
f 140/140/140 137/137/137 142/142/142
f 137/137/137 136/136/136 142/142/142
f 142/142/142 136/136/136 143/143/143
f 136/136/136 135/135/135 143/143/143
f 143/143/143 135/135/135 144/144/144
f 135/135/135 133/133/133 144/144/144
f 144/144/144 133/133/133 145/145/145
f 133/133/133 134/134/134 145/145/145
f 134/134/134 146/146/146 145/145/145
f 146/146/146 147/147/147 145/145/145
f 145/145/145 147/147/147 148/148/148
f 147/147/147 149/149/149 148/148/148
f 145/145/145 148/148/148 144/144/144
f 148/148/148 150/150/150 144/144/144
f 144/144/144 150/150/150 143/143/143
f 150/150/150 151/151/151 143/143/143
f 143/143/143 151/151/151 142/142/142
f 151/151/151 152/152/152 142/142/142
f 142/142/142 152/152/152 140/140/140
f 140/140/140 152/152/152 141/141/141
f 141/141/141 152/152/152 153/153/153
f 152/152/152 154/154/154 153/153/153
f 153/153/153 154/154/154 155/155/155
f 152/152/152 151/151/151 154/154/154
f 154/154/154 151/151/151 156/156/156
f 151/151/151 150/150/150 156/156/156
f 156/156/156 150/150/150 157/157/157
f 150/150/150 148/148/148 157/157/157
f 148/148/148 149/149/149 157/157/157
f 149/149/149 158/158/158 157/157/157
f 158/158/158 159/159/159 157/157/157
f 157/157/157 159/159/159 156/156/156
f 159/159/159 160/160/160 156/156/156
f 156/156/156 160/160/160 154/154/154
f 154/154/154 160/160/160 155/155/155
f 155/155/155 160/160/160 161/161/161
f 160/160/160 162/162/162 161/161/161
f 161/161/161 162/162/162 163/163/163
f 160/160/160 159/159/159 162/162/162
f 162/162/162 159/159/159 164/164/164
f 159/159/159 158/158/158 164/164/164
f 158/158/158 165/165/165 164/164/164
f 164/164/164 165/165/165 166/166/166
f 165/165/165 167/167/167 166/166/166
f 166/166/166 168/168/168 164/164/164
f 164/164/164 168/168/168 162/162/162
f 162/162/162 168/168/168 163/163/163
f 163/163/163 168/168/168 169/169/169
f 169/169/169 168/168/168 170/170/170
f 168/168/168 166/166/166 170/170/170
f 170/170/170 166/166/166 171/171/171
f 166/166/166 167/167/167 171/171/171
f 167/167/167 172/172/172 171/171/171
f 172/172/172 173/173/173 171/171/171
f 173/173/173 174/174/174 171/171/171
f 171/171/171 174/174/174 170/170/170
f 174/174/174 175/175/175 170/170/170
f 170/170/170 175/175/175 169/169/169
f 169/169/169 175/175/175 176/176/176
f 175/175/175 177/177/177 176/176/176
f 176/176/176 177/177/177 178/178/178
f 177/177/177 179/179/179 178/178/178
f 178/178/178 179/179/179 180/180/180
f 180/180/180 179/179/179 181/181/181
f 179/179/179 182/182/182 181/181/181
f 181/181/181 182/182/182 183/183/183
f 182/182/182 179/179/179 184/184/184
f 179/179/179 177/177/177 184/184/184
f 184/184/184 177/177/177 185/185/185
f 177/177/177 175/175/175 185/185/185
f 175/175/175 174/174/174 185/185/185
f 185/185/185 174/174/174 186/186/186
f 174/174/174 173/173/173 186/186/186
f 186/186/186 187/187/187 185/185/185
f 185/185/185 187/187/187 184/184/184
f 187/187/187 188/188/188 184/184/184
f 184/184/184 188/188/188 182/182/182
f 188/188/188 189/189/189 182/182/182
f 182/182/182 189/189/189 183/183/183
f 183/183/183 189/189/189 190/190/190
f 189/189/189 191/191/191 190/190/190
f 190/190/190 191/191/191 192/192/192
f 191/191/191 189/189/189 193/193/193
f 189/189/189 188/188/188 193/193/193
f 193/193/193 188/188/188 194/194/194
f 188/188/188 187/187/187 194/194/194
f 194/194/194 187/187/187 195/195/195
f 187/187/187 186/186/186 195/195/195
f 195/195/195 186/186/186 196/196/196
f 186/186/186 173/173/173 196/196/196
f 196/196/196 173/173/173 197/197/197
f 173/173/173 172/172/172 197/197/197
f 197/197/197 172/172/172 198/198/198
f 172/172/172 199/199/199 198/198/198
f 198/198/198 199/199/199 200/200/200
f 199/199/199 201/201/201 200/200/200
f 200/200/200 201/201/201 202/202/202
f 201/201/201 203/203/203 202/202/202
f 202/202/202 204/204/204 200/200/200
f 204/204/204 205/205/205 200/200/200
f 200/200/200 205/205/205 198/198/198
f 205/205/205 206/206/206 198/198/198
f 198/198/198 206/206/206 197/197/197
f 206/206/206 207/207/207 197/197/197
f 197/197/197 207/207/207 196/196/196
f 207/207/207 208/208/208 196/196/196
f 196/196/196 208/208/208 195/195/195
f 208/208/208 209/209/209 195/195/195
f 195/195/195 209/209/209 194/194/194
f 209/209/209 210/210/210 194/194/194
f 194/194/194 210/210/210 193/193/193
f 210/210/210 211/211/211 193/193/193
f 193/193/193 211/211/211 191/191/191
f 211/211/211 212/212/212 191/191/191
f 191/191/191 212/212/212 192/192/192
f 192/192/192 212/212/212 213/213/213
f 212/212/212 214/214/214 213/213/213
f 213/213/213 214/214/214 215/215/215
f 205/205/205 204/204/204 216/216/216
f 214/214/214 212/212/212 217/217/217
f 212/212/212 211/211/211 217/217/217
f 217/217/217 211/211/211 218/218/218
f 211/211/211 210/210/210 218/218/218
f 218/218/218 210/210/210 219/219/219
f 210/210/210 209/209/209 219/219/219
f 219/219/219 209/209/209 220/220/220
f 209/209/209 208/208/208 220/220/220
f 220/220/220 208/208/208 221/221/221
f 208/208/208 207/207/207 221/221/221
f 221/221/221 207/207/207 222/222/222
f 207/207/207 206/206/206 222/222/222
f 222/222/222 206/206/206 223/223/223
f 206/206/206 205/205/205 223/223/223
f 205/205/205 216/216/216 223/223/223
f 216/216/216 224/224/224 223/223/223
f 224/224/224 225/225/225 223/223/223
f 223/223/223 225/225/225 222/222/222
f 225/225/225 226/226/226 222/222/222
f 222/222/222 226/226/226 221/221/221
f 226/226/226 227/227/227 221/221/221
f 221/221/221 227/227/227 220/220/220
f 227/227/227 228/228/228 220/220/220
f 220/220/220 228/228/228 219/219/219
f 228/228/228 229/229/229 219/219/219
f 219/219/219 229/229/229 218/218/218
f 229/229/229 230/230/230 218/218/218
f 218/218/218 230/230/230 217/217/217
f 230/230/230 231/231/231 217/217/217
f 217/217/217 231/231/231 214/214/214
f 231/231/231 232/232/232 214/214/214
f 214/214/214 232/232/232 215/215/215
f 215/215/215 232/232/232 233/233/233
f 232/232/232 234/234/234 233/233/233
f 233/233/233 234/234/234 235/235/235
f 234/234/234 232/232/232 236/236/236
f 232/232/232 231/231/231 236/236/236
f 236/236/236 231/231/231 237/237/237
f 231/231/231 230/230/230 237/237/237
f 237/237/237 230/230/230 238/238/238
f 230/230/230 229/229/229 238/238/238
f 238/238/238 229/229/229 239/239/239
f 229/229/229 228/228/228 239/239/239
f 239/239/239 228/228/228 240/240/240
f 228/228/228 227/227/227 240/240/240
f 240/240/240 227/227/227 241/241/241
f 227/227/227 226/226/226 241/241/241
f 241/241/241 226/226/226 242/242/242
f 226/226/226 225/225/225 242/242/242
f 242/242/242 225/225/225 243/243/243
f 225/225/225 224/224/224 243/243/243
f 243/243/243 224/224/224 244/244/244
f 244/244/244 224/224/224 245/245/245
f 224/224/224 216/216/216 245/245/245
f 216/216/216 246/246/246 245/245/245
f 245/245/245 246/246/246 247/247/247
f 246/246/246 248/248/248 247/247/247
f 247/247/247 248/248/248 249/249/249
f 248/248/248 250/250/250 249/249/249
f 249/249/249 251/251/251 247/247/247
f 251/251/251 252/252/252 247/247/247
f 247/247/247 252/252/252 245/245/245
f 245/245/245 252/252/252 244/244/244
f 252/252/252 253/253/253 244/244/244
f 253/253/253 254/254/254 244/244/244
f 244/244/244 254/254/254 243/243/243
f 254/254/254 255/255/255 243/243/243
f 243/243/243 255/255/255 242/242/242
f 255/255/255 256/256/256 242/242/242
f 242/242/242 256/256/256 241/241/241
f 256/256/256 257/257/257 241/241/241
f 241/241/241 257/257/257 240/240/240
f 257/257/257 258/258/258 240/240/240
f 240/240/240 258/258/258 239/239/239
f 258/258/258 259/259/259 239/239/239
f 239/239/239 259/259/259 238/238/238
f 259/259/259 260/260/260 238/238/238
f 238/238/238 260/260/260 237/237/237
f 260/260/260 261/261/261 237/237/237
f 237/237/237 261/261/261 236/236/236
f 261/261/261 262/262/262 236/236/236
f 236/236/236 262/262/262 234/234/234
f 262/262/262 263/263/263 234/234/234
f 234/234/234 263/263/263 235/235/235
f 235/235/235 263/263/263 264/264/264
f 263/263/263 265/265/265 264/264/264
f 264/264/264 265/265/265 266/266/266
f 251/251/251 267/267/267 252/252/252
f 252/252/252 267/267/267 253/253/253
f 256/256/256 255/255/255 268/268/268
f 265/265/265 263/263/263 269/269/269
f 263/263/263 262/262/262 269/269/269
f 269/269/269 262/262/262 270/270/270
f 262/262/262 261/261/261 270/270/270
f 270/270/270 261/261/261 271/271/271
f 261/261/261 260/260/260 271/271/271
f 271/271/271 260/260/260 272/272/272
f 260/260/260 259/259/259 272/272/272
f 272/272/272 259/259/259 273/273/273
f 259/259/259 258/258/258 273/273/273
f 273/273/273 258/258/258 274/274/274
f 258/258/258 257/257/257 274/274/274
f 274/274/274 257/257/257 275/275/275
f 257/257/257 256/256/256 275/275/275
f 256/256/256 268/268/268 275/275/275
f 268/268/268 276/276/276 275/275/275
f 275/275/275 276/276/276 277/277/277
f 276/276/276 278/278/278 277/277/277
f 275/275/275 277/277/277 274/274/274
f 277/277/277 279/279/279 274/274/274
f 274/274/274 279/279/279 273/273/273
f 279/279/279 280/280/280 273/273/273
f 273/273/273 280/280/280 272/272/272
f 280/280/280 281/281/281 272/272/272
f 272/272/272 281/281/281 271/271/271
f 281/281/281 282/282/282 271/271/271
f 271/271/271 282/282/282 270/270/270
f 282/282/282 283/283/283 270/270/270
f 270/270/270 283/283/283 269/269/269
f 283/283/283 284/284/284 269/269/269
f 269/269/269 284/284/284 265/265/265
f 284/284/284 285/285/285 265/265/265
f 265/265/265 285/285/285 266/266/266
f 266/266/266 285/285/285 286/286/286
f 285/285/285 287/287/287 286/286/286
f 286/286/286 287/287/287 288/288/288
f 287/287/287 285/285/285 289/289/289
f 285/285/285 284/284/284 289/289/289
f 289/289/289 284/284/284 290/290/290
f 284/284/284 283/283/283 290/290/290
f 290/290/290 283/283/283 291/291/291
f 283/283/283 282/282/282 291/291/291
f 291/291/291 282/282/282 292/292/292
f 282/282/282 281/281/281 292/292/292
f 292/292/292 281/281/281 293/293/293
f 281/281/281 280/280/280 293/293/293
f 293/293/293 280/280/280 294/294/294
f 280/280/280 279/279/279 294/294/294
f 294/294/294 279/279/279 295/295/295
f 279/279/279 277/277/277 295/295/295
f 277/277/277 278/278/278 295/295/295
f 295/295/295 278/278/278 296/296/296
f 296/296/296 278/278/278 297/297/297
f 278/278/278 298/298/298 297/297/297
f 297/297/297 298/298/298 299/299/299
f 298/298/298 300/300/300 299/299/299
f 299/299/299 300/300/300 301/301/301
f 300/300/300 302/302/302 301/301/301
f 301/301/301 303/303/303 299/299/299
f 303/303/303 304/304/304 299/299/299
f 299/299/299 304/304/304 297/297/297
f 304/304/304 305/305/305 297/297/297
f 297/297/297 305/305/305 296/296/296
f 296/296/296 305/305/305 306/306/306
f 305/305/305 307/307/307 306/306/306
f 307/307/307 308/308/308 306/306/306
f 308/308/308 309/309/309 306/306/306
f 309/309/309 310/310/310 306/306/306
f 306/306/306 310/310/310 296/296/296
f 296/296/296 310/310/310 295/295/295
f 295/295/295 310/310/310 294/294/294
f 310/310/310 311/311/311 294/294/294
f 294/294/294 311/311/311 293/293/293
f 311/311/311 312/312/312 293/293/293
f 293/293/293 312/312/312 292/292/292
f 312/312/312 313/313/313 292/292/292
f 292/292/292 313/313/313 291/291/291
f 313/313/313 314/314/314 291/291/291
f 291/291/291 314/314/314 290/290/290
f 314/314/314 315/315/315 290/290/290
f 290/290/290 315/315/315 289/289/289
f 315/315/315 316/316/316 289/289/289
f 289/289/289 316/316/316 287/287/287
f 316/316/316 317/317/317 287/287/287
f 287/287/287 317/317/317 288/288/288
f 288/288/288 317/317/317 318/318/318
f 317/317/317 319/319/319 318/318/318
f 318/318/318 319/319/319 320/320/320
f 303/303/303 321/321/321 304/304/304
f 321/321/321 322/322/322 304/304/304
f 304/304/304 322/322/322 305/305/305
f 322/322/322 307/307/307 305/305/305
f 311/311/311 310/310/310 309/309/309
f 319/319/319 317/317/317 323/323/323
f 317/317/317 316/316/316 323/323/323
f 323/323/323 316/316/316 324/324/324
f 316/316/316 315/315/315 324/324/324
f 324/324/324 315/315/315 325/325/325
f 315/315/315 314/314/314 325/325/325
f 325/325/325 314/314/314 326/326/326
f 314/314/314 313/313/313 326/326/326
f 326/326/326 313/313/313 327/327/327
f 313/313/313 312/312/312 327/327/327
f 327/327/327 312/312/312 328/328/328
f 312/312/312 311/311/311 328/328/328
f 311/311/311 309/309/309 328/328/328
f 328/328/328 309/309/309 329/329/329
f 309/309/309 308/308/308 329/329/329
f 308/308/308 330/330/330 329/329/329
f 329/329/329 330/330/330 331/331/331
f 330/330/330 332/332/332 331/331/331
f 331/331/331 333/333/333 329/329/329
f 329/329/329 333/333/333 328/328/328
f 328/328/328 333/333/333 327/327/327
f 333/333/333 334/334/334 327/327/327
f 327/327/327 334/334/334 326/326/326
f 334/334/334 335/335/335 326/326/326
f 326/326/326 335/335/335 325/325/325
f 335/335/335 336/336/336 325/325/325
f 325/325/325 336/336/336 324/324/324
f 336/336/336 337/337/337 324/324/324
f 324/324/324 337/337/337 323/323/323
f 337/337/337 338/338/338 323/323/323
f 323/323/323 338/338/338 319/319/319
f 338/338/338 339/339/339 319/319/319
f 319/319/319 339/339/339 320/320/320
f 320/320/320 339/339/339 340/340/340
f 340/340/340 339/339/339 341/341/341
f 341/341/341 339/339/339 342/342/342
f 339/339/339 338/338/338 342/342/342
f 342/342/342 338/338/338 343/343/343
f 338/338/338 337/337/337 343/343/343
f 343/343/343 337/337/337 344/344/344
f 337/337/337 336/336/336 344/344/344
f 344/344/344 336/336/336 345/345/345
f 336/336/336 335/335/335 345/345/345
f 345/345/345 335/335/335 346/346/346
f 335/335/335 334/334/334 346/346/346
f 346/346/346 334/334/334 347/347/347
f 334/334/334 333/333/333 347/347/347
f 333/333/333 331/331/331 347/347/347
f 347/347/347 331/331/331 348/348/348
f 331/331/331 332/332/332 348/348/348
f 332/332/332 349/349/349 348/348/348
f 349/349/349 350/350/350 348/348/348
f 350/350/350 351/351/351 348/348/348
f 348/348/348 351/351/351 347/347/347
f 347/347/347 351/351/351 346/346/346
f 351/351/351 352/352/352 346/346/346
f 346/346/346 352/352/352 345/345/345
f 352/352/352 353/353/353 345/345/345
f 345/345/345 353/353/353 344/344/344
f 353/353/353 354/354/354 344/344/344
f 344/344/344 354/354/354 343/343/343
f 354/354/354 355/355/355 343/343/343
f 343/343/343 355/355/355 342/342/342
f 355/355/355 356/356/356 342/342/342
f 342/342/342 356/356/356 341/341/341
f 356/356/356 357/357/357 341/341/341
f 357/357/357 358/358/358 341/341/341
f 341/341/341 358/358/358 340/340/340
f 358/358/358 359/359/359 340/340/340
f 340/340/340 359/359/359 360/360/360
f 359/359/359 361/361/361 360/360/360
f 360/360/360 361/361/361 362/362/362
f 361/361/361 363/363/363 362/362/362
f 362/362/362 363/363/363 364/364/364
f 363/363/363 361/361/361 365/365/365
f 365/365/365 361/361/361 366/366/366
f 361/361/361 359/359/359 366/366/366
f 366/366/366 359/359/359 367/367/367
f 359/359/359 358/358/358 367/367/367
f 367/367/367 358/358/358 368/368/368
f 358/358/358 357/357/357 368/368/368
f 365/365/365 366/366/366 369/369/369
f 369/369/369 366/366/366 370/370/370
f 366/366/366 367/367/367 370/370/370
f 370/370/370 367/367/367 371/371/371
f 367/367/367 368/368/368 371/371/371
f 371/371/371 368/368/368 372/372/372
f 372/372/372 368/368/368 373/373/373
f 368/368/368 357/357/357 373/373/373
f 373/373/373 357/357/357 374/374/374
f 357/357/357 356/356/356 374/374/374
f 374/374/374 356/356/356 375/375/375
f 356/356/356 355/355/355 375/375/375
f 375/375/375 355/355/355 376/376/376
f 355/355/355 354/354/354 376/376/376
f 376/376/376 354/354/354 377/377/377
f 354/354/354 353/353/353 377/377/377
f 377/377/377 353/353/353 378/378/378
f 353/353/353 352/352/352 378/378/378
f 378/378/378 352/352/352 379/379/379
f 352/352/352 351/351/351 379/379/379
f 379/379/379 351/351/351 350/350/350
f 7/7/7 5/5/5 380/380/380
f 380/380/380 5/5/5 381/381/381
f 5/5/5 2/2/2 381/381/381
f 381/381/381 2/2/2 382/382/382
f 2/2/2 1/1/1 382/382/382
f 1/1/1 383/383/383 382/382/382
f 382/382/382 383/383/383 384/384/384
f 383/383/383 385/385/385 384/384/384
f 384/384/384 385/385/385 386/386/386
f 385/385/385 387/387/387 386/386/386
f 387/387/387 388/388/388 386/386/386
f 386/386/386 388/388/388 389/389/389
f 388/388/388 390/390/390 389/389/389
f 380/380/380 381/381/381 391/391/391
f 381/381/381 392/392/392 391/391/391
f 391/391/391 392/392/392 393/393/393
f 392/392/392 394/394/394 393/393/393
f 393/393/393 394/394/394 395/395/395
f 394/394/394 389/389/389 395/395/395
f 395/395/395 389/389/389 396/396/396
f 389/389/389 390/390/390 396/396/396
f 390/390/390 397/397/397 396/396/396
f 396/396/396 397/397/397 398/398/398
f 397/397/397 399/399/399 398/398/398
f 381/381/381 382/382/382 392/392/392
f 382/382/382 384/384/384 392/392/392
f 392/392/392 384/384/384 394/394/394
f 384/384/384 386/386/386 394/394/394
f 394/394/394 386/386/386 389/389/389
f 393/393/393 395/395/395 400/400/400
f 400/400/400 395/395/395 401/401/401
f 395/395/395 396/396/396 401/401/401
f 396/396/396 398/398/398 401/401/401
f 401/401/401 398/398/398 402/402/402
f 398/398/398 403/403/403 402/402/402
f 403/403/403 404/404/404 402/402/402
f 404/404/404 405/405/405 402/402/402
f 405/405/405 406/406/406 402/402/402
f 402/402/402 406/406/406 401/401/401
f 406/406/406 400/400/400 401/401/401
f 398/398/398 399/399/399 403/403/403
f 399/399/399 407/407/407 403/403/403
f 403/403/403 407/407/407 408/408/408
f 407/407/407 409/409/409 408/408/408
f 404/404/404 403/403/403 408/408/408
f 410/410/410 412/412/412 411/411/411
f 411/411/411 412/412/412 413/413/413
f 412/412/412 414/414/414 413/413/413
f 413/413/413 414/414/414 415/415/415
f 414/414/414 416/416/416 415/415/415
f 415/415/415 416/416/416 417/417/417
f 416/416/416 418/418/418 417/417/417
f 417/417/417 418/418/418 419/419/419
f 418/418/418 420/420/420 419/419/419
f 419/419/419 420/420/420 421/421/421
f 420/420/420 422/422/422 421/421/421
f 421/421/421 423/423/423 419/419/419
f 423/423/423 424/424/424 419/419/419
f 419/419/419 424/424/424 417/417/417
f 423/423/423 425/425/425 424/424/424
f 424/424/424 425/425/425 426/426/426
f 425/425/425 427/427/427 426/426/426
f 426/426/426 427/427/427 428/428/428
f 427/427/427 429/429/429 428/428/428
f 428/428/428 429/429/429 430/430/430
f 429/429/429 431/431/431 430/430/430
f 431/431/431 432/432/432 430/430/430
f 430/430/430 432/432/432 433/433/433
f 432/432/432 434/434/434 433/433/433
f 433/433/433 435/435/435 430/430/430
f 430/430/430 435/435/435 428/428/428
f 435/435/435 436/436/436 428/428/428
f 428/428/428 436/436/436 426/426/426
f 436/436/436 437/437/437 426/426/426
f 426/426/426 437/437/437 424/424/424
f 424/424/424 437/437/437 417/417/417
f 417/417/417 437/437/437 415/415/415
f 437/437/437 438/438/438 415/415/415
f 415/415/415 438/438/438 413/413/413
f 437/437/437 436/436/436 438/438/438
f 438/438/438 436/436/436 439/439/439
f 436/436/436 435/435/435 439/439/439
f 439/439/439 435/435/435 440/440/440
f 435/435/435 433/433/433 440/440/440
f 440/440/440 433/433/433 441/441/441
f 433/433/433 434/434/434 441/441/441
f 434/434/434 442/442/442 441/441/441
f 441/441/441 442/442/442 443/443/443
f 442/442/442 444/444/444 443/443/443
f 443/443/443 445/445/445 441/441/441
f 441/441/441 445/445/445 440/440/440
f 445/445/445 446/446/446 440/440/440
f 440/440/440 446/446/446 439/439/439
f 446/446/446 447/447/447 439/439/439
f 439/439/439 447/447/447 438/438/438
f 438/438/438 447/447/447 413/413/413
f 413/413/413 447/447/447 411/411/411
f 411/411/411 447/447/447 448/448/448
f 447/447/447 446/446/446 448/448/448
f 448/448/448 446/446/446 449/449/449
f 446/446/446 445/445/445 449/449/449
f 449/449/449 445/445/445 450/450/450
f 445/445/445 443/443/443 450/450/450
f 450/450/450 443/443/443 451/451/451
f 443/443/443 444/444/444 451/451/451
f 444/444/444 452/452/452 451/451/451
f 451/451/451 452/452/452 453/453/453
f 452/452/452 454/454/454 453/453/453
f 453/453/453 455/455/455 451/451/451
f 451/451/451 455/455/455 450/450/450
f 455/455/455 456/456/456 450/450/450
f 450/450/450 456/456/456 449/449/449
f 456/456/456 457/457/457 449/449/449
f 449/449/449 457/457/457 448/448/448
f 457/457/457 458/458/458 448/448/448
f 448/448/448 458/458/458 411/411/411
f 411/411/411 458/458/458 410/410/410
f 410/410/410 458/458/458 459/459/459
f 458/458/458 460/460/460 459/459/459
f 459/459/459 460/460/460 461/461/461
f 458/458/458 457/457/457 460/460/460
f 460/460/460 457/457/457 462/462/462
f 457/457/457 456/456/456 462/462/462
f 462/462/462 456/456/456 463/463/463
f 456/456/456 455/455/455 463/463/463
f 463/463/463 455/455/455 464/464/464
f 455/455/455 453/453/453 464/464/464
f 464/464/464 453/453/453 465/465/465
f 453/453/453 454/454/454 465/465/465
f 454/454/454 466/466/466 465/465/465
f 465/465/465 466/466/466 467/467/467
f 466/466/466 468/468/468 467/467/467
f 467/467/467 469/469/469 465/465/465
f 465/465/465 469/469/469 464/464/464
f 469/469/469 470/470/470 464/464/464
f 464/464/464 470/470/470 463/463/463
f 470/470/470 471/471/471 463/463/463
f 463/463/463 471/471/471 462/462/462
f 471/471/471 472/472/472 462/462/462
f 462/462/462 472/472/472 460/460/460
f 460/460/460 472/472/472 461/461/461
f 461/461/461 472/472/472 473/473/473
f 472/472/472 474/474/474 473/473/473
f 473/473/473 474/474/474 475/475/475
f 472/472/472 471/471/471 474/474/474
f 474/474/474 471/471/471 476/476/476
f 471/471/471 470/470/470 476/476/476
f 476/476/476 470/470/470 477/477/477
f 470/470/470 469/469/469 477/477/477
f 477/477/477 469/469/469 478/478/478
f 469/469/469 467/467/467 478/478/478
f 478/478/478 467/467/467 479/479/479
f 467/467/467 468/468/468 479/479/479
f 468/468/468 480/480/480 479/479/479
f 479/479/479 480/480/480 481/481/481
f 480/480/480 482/482/482 481/481/481
f 481/481/481 483/483/483 479/479/479
f 479/479/479 483/483/483 478/478/478
f 483/483/483 484/484/484 478/478/478
f 478/478/478 484/484/484 477/477/477
f 484/484/484 485/485/485 477/477/477
f 477/477/477 485/485/485 476/476/476
f 485/485/485 486/486/486 476/476/476
f 476/476/476 486/486/486 474/474/474
f 474/474/474 486/486/486 475/475/475
f 475/475/475 486/486/486 487/487/487
f 486/486/486 488/488/488 487/487/487
f 487/487/487 488/488/488 489/489/489
f 486/486/486 485/485/485 488/488/488
f 488/488/488 485/485/485 490/490/490
f 485/485/485 484/484/484 490/490/490
f 490/490/490 484/484/484 491/491/491
f 484/484/484 483/483/483 491/491/491
f 491/491/491 483/483/483 492/492/492
f 483/483/483 481/481/481 492/492/492
f 492/492/492 481/481/481 493/493/493
f 481/481/481 482/482/482 493/493/493
f 482/482/482 494/494/494 493/493/493
f 493/493/493 494/494/494 495/495/495
f 494/494/494 496/496/496 495/495/495
f 495/495/495 497/497/497 493/493/493
f 493/493/493 497/497/497 492/492/492
f 497/497/497 498/498/498 492/492/492
f 492/492/492 498/498/498 491/491/491
f 498/498/498 499/499/499 491/491/491
f 491/491/491 499/499/499 490/490/490
f 499/499/499 500/500/500 490/490/490
f 490/490/490 500/500/500 488/488/488
f 488/488/488 500/500/500 489/489/489
f 489/489/489 500/500/500 501/501/501
f 500/500/500 502/502/502 501/501/501
f 501/501/501 502/502/502 503/503/503
f 500/500/500 499/499/499 502/502/502
f 502/502/502 499/499/499 504/504/504
f 499/499/499 498/498/498 504/504/504
f 504/504/504 498/498/498 505/505/505
f 498/498/498 497/497/497 505/505/505
f 505/505/505 497/497/497 506/506/506
f 497/497/497 495/495/495 506/506/506
f 506/506/506 495/495/495 507/507/507
f 495/495/495 496/496/496 507/507/507
f 496/496/496 508/508/508 507/507/507
f 507/507/507 508/508/508 509/509/509
f 508/508/508 510/510/510 509/509/509
f 509/509/509 511/511/511 507/507/507
f 507/507/507 511/511/511 506/506/506
f 511/511/511 512/512/512 506/506/506
f 506/506/506 512/512/512 505/505/505
f 512/512/512 513/513/513 505/505/505
f 505/505/505 513/513/513 504/504/504
f 513/513/513 514/514/514 504/504/504
f 504/504/504 514/514/514 502/502/502
f 502/502/502 514/514/514 503/503/503
f 503/503/503 514/514/514 515/515/515
f 514/514/514 516/516/516 515/515/515
f 515/515/515 516/516/516 517/517/517
f 514/514/514 513/513/513 516/516/516
f 516/516/516 513/513/513 518/518/518
f 513/513/513 512/512/512 518/518/518
f 518/518/518 512/512/512 519/519/519
f 512/512/512 511/511/511 519/519/519
f 519/519/519 511/511/511 520/520/520
f 511/511/511 509/509/509 520/520/520
f 520/520/520 509/509/509 521/521/521
f 509/509/509 510/510/510 521/521/521
f 510/510/510 522/522/522 521/521/521
f 521/521/521 522/522/522 523/523/523
f 522/522/522 524/524/524 523/523/523
f 523/523/523 525/525/525 521/521/521
f 521/521/521 525/525/525 520/520/520
f 525/525/525 526/526/526 520/520/520
f 520/520/520 526/526/526 519/519/519
f 526/526/526 527/527/527 519/519/519
f 519/519/519 527/527/527 518/518/518
f 527/527/527 528/528/528 518/518/518
f 518/518/518 528/528/528 516/516/516
f 516/516/516 528/528/528 517/517/517
f 517/517/517 528/528/528 529/529/529
f 528/528/528 530/530/530 529/529/529
f 529/529/529 530/530/530 531/531/531
f 528/528/528 527/527/527 530/530/530
f 530/530/530 527/527/527 532/532/532
f 527/527/527 526/526/526 532/532/532
f 532/532/532 526/526/526 533/533/533
f 526/526/526 525/525/525 533/533/533
f 533/533/533 525/525/525 534/534/534
f 525/525/525 523/523/523 534/534/534
f 534/534/534 523/523/523 535/535/535
f 523/523/523 524/524/524 535/535/535
f 524/524/524 536/536/536 535/535/535
f 535/535/535 536/536/536 537/537/537
f 536/536/536 538/538/538 537/537/537
f 538/538/538 539/539/539 537/537/537
f 537/537/537 539/539/539 540/540/540
f 539/539/539 541/541/541 540/540/540
f 540/540/540 542/542/542 537/537/537
f 537/537/537 542/542/542 535/535/535
f 535/535/535 542/542/542 534/534/534
f 542/542/542 543/543/543 534/534/534
f 534/534/534 543/543/543 533/533/533
f 543/543/543 544/544/544 533/533/533
f 533/533/533 544/544/544 532/532/532
f 544/544/544 545/545/545 532/532/532
f 532/532/532 545/545/545 530/530/530
f 530/530/530 545/545/545 531/531/531
f 531/531/531 545/545/545 546/546/546
f 545/545/545 547/547/547 546/546/546
f 546/546/546 547/547/547 548/548/548
f 545/545/545 544/544/544 547/547/547
f 547/547/547 544/544/544 549/549/549
f 544/544/544 543/543/543 549/549/549
f 549/549/549 543/543/543 550/550/550
f 543/543/543 542/542/542 550/550/550
f 542/542/542 540/540/540 550/550/550
f 550/550/550 540/540/540 551/551/551
f 540/540/540 541/541/541 551/551/551
f 541/541/541 552/552/552 551/551/551
f 551/551/551 552/552/552 553/553/553
f 552/552/552 554/554/554 553/553/553
f 553/553/553 555/555/555 551/551/551
f 551/551/551 555/555/555 550/550/550
f 550/550/550 555/555/555 549/549/549
f 555/555/555 556/556/556 549/549/549
f 549/549/549 556/556/556 547/547/547
f 547/547/547 556/556/556 548/548/548
f 548/548/548 556/556/556 557/557/557
f 557/557/557 556/556/556 558/558/558
f 556/556/556 555/555/555 558/558/558
f 555/555/555 553/553/553 558/558/558
f 558/558/558 553/553/553 559/559/559
f 553/553/553 554/554/554 559/559/559
f 554/554/554 560/560/560 559/559/559
f 559/559/559 560/560/560 561/561/561
f 560/560/560 562/562/562 561/561/561
f 561/561/561 563/563/563 559/559/559
f 559/559/559 563/563/563 558/558/558
f 563/563/563 557/557/557 558/558/558
f 410/410/410 564/564/564 412/412/412
f 564/564/564 565/565/565 412/412/412
f 412/412/412 565/565/565 414/414/414
f 565/565/565 566/566/566 414/414/414
f 414/414/414 566/566/566 416/416/416
f 566/566/566 567/567/567 416/416/416
f 416/416/416 567/567/567 418/418/418
f 567/567/567 568/568/568 418/418/418
f 418/418/418 568/568/568 420/420/420
f 568/568/568 569/569/569 420/420/420
f 420/420/420 569/569/569 422/422/422
f 569/569/569 570/570/570 422/422/422
f 422/422/422 570/570/570 571/571/571
f 570/570/570 572/572/572 571/571/571
f 571/571/571 572/572/572 573/573/573
f 572/572/572 574/574/574 573/573/573
f 573/573/573 574/574/574 575/575/575
f 574/574/574 576/576/576 575/575/575
f 575/575/575 576/576/576 577/577/577
f 576/576/576 578/578/578 577/577/577
f 577/577/577 578/578/578 579/579/579
f 578/578/578 580/580/580 579/579/579
f 579/579/579 580/580/580 581/581/581
f 580/580/580 582/582/582 581/581/581
f 581/581/581 582/582/582 583/583/583
f 582/582/582 584/584/584 583/583/583
f 583/583/583 584/584/584 585/585/585
f 584/584/584 586/586/586 585/585/585
f 585/585/585 586/586/586 587/587/587
f 586/586/586 588/588/588 587/587/587
f 587/587/587 588/588/588 589/589/589
f 588/588/588 590/590/590 589/589/589
f 589/589/589 590/590/590 591/591/591
f 590/590/590 592/592/592 591/591/591
f 591/591/591 592/592/592 593/593/593
f 592/592/592 594/594/594 593/593/593
f 593/593/593 594/594/594 595/595/595
f 594/594/594 596/596/596 595/595/595
f 595/595/595 596/596/596 597/597/597
f 596/596/596 598/598/598 597/597/597
f 597/597/597 598/598/598 599/599/599
f 598/598/598 600/600/600 599/599/599
f 599/599/599 600/600/600 601/601/601
f 600/600/600 602/602/602 601/601/601
f 601/601/601 602/602/602 603/603/603
f 602/602/602 604/604/604 603/603/603
f 603/603/603 604/604/604 605/605/605
f 604/604/604 606/606/606 605/605/605
f 605/605/605 606/606/606 607/607/607
f 606/606/606 608/608/608 607/607/607
f 607/607/607 608/608/608 609/609/609
f 608/608/608 610/610/610 609/609/609
f 609/609/609 610/610/610 611/611/611
f 610/610/610 612/612/612 611/611/611
f 611/611/611 612/612/612 613/613/613
f 612/612/612 614/614/614 613/613/613
f 613/613/613 614/614/614 615/615/615
f 614/614/614 616/616/616 615/615/615
f 615/615/615 616/616/616 617/617/617
f 616/616/616 618/618/618 617/617/617
f 617/617/617 618/618/618 619/619/619
f 618/618/618 620/620/620 619/619/619
f 619/619/619 620/620/620 621/621/621
f 620/620/620 622/622/622 621/621/621
f 621/621/621 622/622/622 623/623/623
f 565/565/565 564/564/564 624/624/624
f 622/622/622 620/620/620 625/625/625
f 620/620/620 626/626/626 625/625/625
f 625/625/625 626/626/626 627/627/627
f 620/620/620 618/618/618 626/626/626
f 626/626/626 618/618/618 628/628/628
f 618/618/618 616/616/616 628/628/628
f 628/628/628 616/616/616 629/629/629
f 616/616/616 614/614/614 629/629/629
f 629/629/629 614/614/614 630/630/630
f 614/614/614 612/612/612 630/630/630
f 630/630/630 612/612/612 631/631/631
f 612/612/612 610/610/610 631/631/631
f 631/631/631 610/610/610 632/632/632
f 610/610/610 608/608/608 632/632/632
f 632/632/632 608/608/608 633/633/633
f 608/608/608 606/606/606 633/633/633
f 633/633/633 606/606/606 634/634/634
f 606/606/606 604/604/604 634/634/634
f 634/634/634 604/604/604 635/635/635
f 604/604/604 602/602/602 635/635/635
f 635/635/635 602/602/602 636/636/636
f 602/602/602 600/600/600 636/636/636
f 636/636/636 600/600/600 637/637/637
f 600/600/600 598/598/598 637/637/637
f 637/637/637 598/598/598 638/638/638
f 598/598/598 596/596/596 638/638/638
f 638/638/638 596/596/596 639/639/639
f 596/596/596 594/594/594 639/639/639
f 639/639/639 594/594/594 640/640/640
f 594/594/594 592/592/592 640/640/640
f 640/640/640 592/592/592 641/641/641
f 592/592/592 590/590/590 641/641/641
f 641/641/641 590/590/590 642/642/642
f 590/590/590 588/588/588 642/642/642
f 642/642/642 588/588/588 643/643/643
f 588/588/588 586/586/586 643/643/643
f 643/643/643 586/586/586 644/644/644
f 586/586/586 584/584/584 644/644/644
f 644/644/644 584/584/584 645/645/645
f 584/584/584 582/582/582 645/645/645
f 645/645/645 582/582/582 646/646/646
f 582/582/582 580/580/580 646/646/646
f 646/646/646 580/580/580 647/647/647
f 580/580/580 578/578/578 647/647/647
f 647/647/647 578/578/578 648/648/648
f 578/578/578 576/576/576 648/648/648
f 648/648/648 576/576/576 649/649/649
f 576/576/576 574/574/574 649/649/649
f 649/649/649 574/574/574 650/650/650
f 574/574/574 572/572/572 650/650/650
f 650/650/650 572/572/572 651/651/651
f 572/572/572 570/570/570 651/651/651
f 651/651/651 570/570/570 652/652/652
f 570/570/570 569/569/569 652/652/652
f 652/652/652 569/569/569 653/653/653
f 569/569/569 568/568/568 653/653/653
f 653/653/653 568/568/568 654/654/654
f 568/568/568 567/567/567 654/654/654
f 654/654/654 567/567/567 655/655/655
f 567/567/567 566/566/566 655/655/655
f 655/655/655 566/566/566 656/656/656
f 566/566/566 565/565/565 656/656/656
f 565/565/565 624/624/624 656/656/656
f 624/624/624 657/657/657 656/656/656
f 656/656/656 657/657/657 658/658/658
f 657/657/657 659/659/659 658/658/658
f 656/656/656 658/658/658 655/655/655
f 658/658/658 660/660/660 655/655/655
f 655/655/655 660/660/660 654/654/654
f 660/660/660 661/661/661 654/654/654
f 654/654/654 661/661/661 653/653/653
f 661/661/661 662/662/662 653/653/653
f 653/653/653 662/662/662 652/652/652
f 662/662/662 663/663/663 652/652/652
f 652/652/652 663/663/663 651/651/651
f 663/663/663 664/664/664 651/651/651
f 651/651/651 664/664/664 650/650/650
f 664/664/664 665/665/665 650/650/650
f 650/650/650 665/665/665 649/649/649
f 665/665/665 666/666/666 649/649/649
f 649/649/649 666/666/666 648/648/648
f 666/666/666 667/667/667 648/648/648
f 648/648/648 667/667/667 647/647/647
f 667/667/667 668/668/668 647/647/647
f 647/647/647 668/668/668 646/646/646
f 668/668/668 669/669/669 646/646/646
f 646/646/646 669/669/669 645/645/645
f 669/669/669 670/670/670 645/645/645
f 645/645/645 670/670/670 644/644/644
f 670/670/670 671/671/671 644/644/644
f 644/644/644 671/671/671 643/643/643
f 671/671/671 672/672/672 643/643/643
f 643/643/643 672/672/672 642/642/642
f 672/672/672 673/673/673 642/642/642
f 642/642/642 673/673/673 641/641/641
f 673/673/673 674/674/674 641/641/641
f 641/641/641 674/674/674 640/640/640
f 674/674/674 675/675/675 640/640/640
f 640/640/640 675/675/675 639/639/639
f 675/675/675 676/676/676 639/639/639
f 639/639/639 676/676/676 638/638/638
f 676/676/676 677/677/677 638/638/638
f 638/638/638 677/677/677 637/637/637
f 677/677/677 678/678/678 637/637/637
f 637/637/637 678/678/678 636/636/636
f 678/678/678 679/679/679 636/636/636
f 636/636/636 679/679/679 635/635/635
f 679/679/679 680/680/680 635/635/635
f 635/635/635 680/680/680 634/634/634
f 680/680/680 681/681/681 634/634/634
f 634/634/634 681/681/681 633/633/633
f 681/681/681 682/682/682 633/633/633
f 633/633/633 682/682/682 632/632/632
f 682/682/682 683/683/683 632/632/632
f 632/632/632 683/683/683 631/631/631
f 683/683/683 684/684/684 631/631/631
f 631/631/631 684/684/684 630/630/630
f 684/684/684 685/685/685 630/630/630
f 630/630/630 685/685/685 629/629/629
f 685/685/685 686/686/686 629/629/629
f 629/629/629 686/686/686 628/628/628
f 686/686/686 687/687/687 628/628/628
f 628/628/628 687/687/687 626/626/626
f 626/626/626 687/687/687 627/627/627
f 627/627/627 687/687/687 688/688/688
f 687/687/687 689/689/689 688/688/688
f 688/688/688 689/689/689 690/690/690
f 687/687/687 686/686/686 689/689/689
f 689/689/689 686/686/686 691/691/691
f 686/686/686 685/685/685 691/691/691
f 691/691/691 685/685/685 692/692/692
f 685/685/685 684/684/684 692/692/692
f 692/692/692 684/684/684 693/693/693
f 684/684/684 683/683/683 693/693/693
f 693/693/693 683/683/683 694/694/694
f 683/683/683 682/682/682 694/694/694
f 694/694/694 682/682/682 695/695/695
f 682/682/682 681/681/681 695/695/695
f 695/695/695 681/681/681 696/696/696
f 681/681/681 680/680/680 696/696/696
f 696/696/696 680/680/680 697/697/697
f 680/680/680 679/679/679 697/697/697
f 697/697/697 679/679/679 698/698/698
f 679/679/679 678/678/678 698/698/698
f 698/698/698 678/678/678 699/699/699
f 678/678/678 677/677/677 699/699/699
f 699/699/699 677/677/677 700/700/700
f 677/677/677 676/676/676 700/700/700
f 700/700/700 676/676/676 701/701/701
f 676/676/676 675/675/675 701/701/701
f 701/701/701 675/675/675 702/702/702
f 675/675/675 674/674/674 702/702/702
f 702/702/702 674/674/674 703/703/703
f 674/674/674 673/673/673 703/703/703
f 703/703/703 673/673/673 704/704/704
f 673/673/673 672/672/672 704/704/704
f 704/704/704 672/672/672 705/705/705
f 672/672/672 671/671/671 705/705/705
f 705/705/705 671/671/671 706/706/706
f 671/671/671 670/670/670 706/706/706
f 706/706/706 670/670/670 707/707/707
f 670/670/670 669/669/669 707/707/707
f 707/707/707 669/669/669 708/708/708
f 669/669/669 668/668/668 708/708/708
f 708/708/708 668/668/668 709/709/709
f 668/668/668 667/667/667 709/709/709
f 709/709/709 667/667/667 710/710/710
f 667/667/667 666/666/666 710/710/710
f 710/710/710 666/666/666 711/711/711
f 666/666/666 665/665/665 711/711/711
f 711/711/711 665/665/665 712/712/712
f 665/665/665 664/664/664 712/712/712
f 712/712/712 664/664/664 713/713/713
f 664/664/664 663/663/663 713/713/713
f 713/713/713 663/663/663 714/714/714
f 663/663/663 662/662/662 714/714/714
f 714/714/714 662/662/662 715/715/715
f 662/662/662 661/661/661 715/715/715
f 715/715/715 661/661/661 716/716/716
f 661/661/661 660/660/660 716/716/716
f 716/716/716 660/660/660 717/717/717
f 660/660/660 658/658/658 717/717/717
f 658/658/658 659/659/659 717/717/717
f 659/659/659 718/718/718 717/717/717
f 717/717/717 718/718/718 719/719/719
f 718/718/718 720/720/720 719/719/719
f 720/720/720 721/721/721 719/719/719
f 719/719/719 721/721/721 722/722/722
f 721/721/721 723/723/723 722/722/722
f 722/722/722 723/723/723 724/724/724
f 723/723/723 725/725/725 724/724/724
f 725/725/725 726/726/726 724/724/724
f 724/724/724 726/726/726 714/714/714
f 714/714/714 726/726/726 713/713/713
f 726/726/726 727/727/727 713/713/713
f 713/713/713 727/727/727 712/712/712
f 717/717/717 719/719/719 716/716/716
f 719/719/719 722/722/722 716/716/716
f 716/716/716 722/722/722 715/715/715
f 722/722/722 724/724/724 715/715/715
f 715/715/715 724/724/724 714/714/714
f 725/725/725 728/728/728 726/726/726
f 726/726/726 728/728/728 727/727/727
f 728/728/728 729/729/729 727/727/727
f 727/727/727 729/729/729 730/730/730
f 729/729/729 731/731/731 730/730/730
f 730/730/730 731/731/731 732/732/732
f 732/732/732 731/731/731 733/733/733
f 733/733/733 731/731/731 734/734/734
f 731/731/731 735/735/735 734/734/734
f 734/734/734 735/735/735 736/736/736
f 735/735/735 737/737/737 736/736/736
f 736/736/736 737/737/737 738/738/738
f 737/737/737 739/739/739 738/738/738
f 727/727/727 730/730/730 712/712/712
f 712/712/712 730/730/730 711/711/711
f 730/730/730 732/732/732 711/711/711
f 711/711/711 732/732/732 710/710/710
f 738/738/738 740/740/740 736/736/736
f 736/736/736 740/740/740 741/741/741
f 740/740/740 742/742/742 741/741/741
f 741/741/741 742/742/742 743/743/743
f 742/742/742 744/744/744 743/743/743
f 743/743/743 744/744/744 745/745/745
f 744/744/744 746/746/746 745/745/745
f 736/736/736 741/741/741 734/734/734
f 741/741/741 747/747/747 734/734/734
f 734/734/734 747/747/747 733/733/733
f 747/747/747 748/748/748 733/733/733
f 748/748/748 749/749/749 733/733/733
f 733/733/733 749/749/749 732/732/732
f 732/732/732 749/749/749 710/710/710
f 710/710/710 749/749/749 709/709/709
f 749/749/749 750/750/750 709/709/709
f 709/709/709 750/750/750 708/708/708
f 741/741/741 743/743/743 747/747/747
f 747/747/747 743/743/743 751/751/751
f 743/743/743 745/745/745 751/751/751
f 751/751/751 745/745/745 752/752/752
f 752/752/752 745/745/745 753/753/753
f 745/745/745 746/746/746 753/753/753
f 746/746/746 754/754/754 753/753/753
f 754/754/754 755/755/755 753/753/753
f 753/753/753 755/755/755 756/756/756
f 755/755/755 757/757/757 756/756/756
f 747/747/747 751/751/751 748/748/748
f 751/751/751 758/758/758 748/748/748
f 748/748/748 758/758/758 750/750/750
f 758/758/758 759/759/759 750/750/750
f 750/750/750 759/759/759 708/708/708
f 708/708/708 759/759/759 707/707/707
f 707/707/707 759/759/759 760/760/760
f 760/760/760 759/759/759 761/761/761
f 759/759/759 758/758/758 761/761/761
f 761/761/761 758/758/758 752/752/752
f 758/758/758 751/751/751 752/752/752
f 749/749/749 748/748/748 750/750/750
f 753/753/753 756/756/756 752/752/752
f 752/752/752 756/756/756 761/761/761
f 756/756/756 762/762/762 761/761/761
f 761/761/761 762/762/762 760/760/760
f 762/762/762 763/763/763 760/760/760
f 760/760/760 763/763/763 706/706/706
f 706/706/706 763/763/763 705/705/705
f 705/705/705 763/763/763 764/764/764
f 763/763/763 765/765/765 764/764/764
f 765/765/765 766/766/766 764/764/764
f 764/764/764 766/766/766 767/767/767
f 766/766/766 768/768/768 767/767/767
f 707/707/707 760/760/760 706/706/706
f 756/756/756 757/757/757 762/762/762
f 757/757/757 765/765/765 762/762/762
f 762/762/762 765/765/765 763/763/763
f 705/705/705 764/764/764 704/704/704
f 764/764/764 767/767/767 704/704/704
f 704/704/704 767/767/767 703/703/703
f 767/767/767 769/769/769 703/703/703
f 703/703/703 769/769/769 702/702/702
f 769/769/769 770/770/770 702/702/702
f 702/702/702 770/770/770 701/701/701
f 701/701/701 770/770/770 771/771/771
f 770/770/770 772/772/772 771/771/771
f 772/772/772 773/773/773 771/771/771
f 771/771/771 773/773/773 774/774/774
f 773/773/773 775/775/775 774/774/774
f 767/767/767 768/768/768 769/769/769
f 768/768/768 776/776/776 769/769/769
f 769/769/769 776/776/776 770/770/770
f 776/776/776 772/772/772 770/770/770
f 701/701/701 771/771/771 700/700/700
f 771/771/771 774/774/774 700/700/700
f 700/700/700 774/774/774 699/699/699
f 774/774/774 777/777/777 699/699/699
f 699/699/699 777/777/777 698/698/698
f 777/777/777 778/778/778 698/698/698
f 698/698/698 778/778/778 697/697/697
f 697/697/697 778/778/778 779/779/779
f 778/778/778 780/780/780 779/779/779
f 780/780/780 781/781/781 779/779/779
f 779/779/779 781/781/781 782/782/782
f 781/781/781 783/783/783 782/782/782
f 774/774/774 775/775/775 777/777/777
f 775/775/775 784/784/784 777/777/777
f 777/777/777 784/784/784 778/778/778
f 784/784/784 780/780/780 778/778/778
f 697/697/697 779/779/779 696/696/696
f 779/779/779 782/782/782 696/696/696
f 696/696/696 782/782/782 695/695/695
f 782/782/782 785/785/785 695/695/695
f 695/695/695 785/785/785 694/694/694
f 785/785/785 786/786/786 694/694/694
f 694/694/694 786/786/786 693/693/693
f 693/693/693 786/786/786 787/787/787
f 786/786/786 788/788/788 787/787/787
f 788/788/788 789/789/789 787/787/787
f 787/787/787 789/789/789 790/790/790
f 789/789/789 791/791/791 790/790/790
f 782/782/782 783/783/783 785/785/785
f 783/783/783 792/792/792 785/785/785
f 785/785/785 792/792/792 786/786/786
f 792/792/792 788/788/788 786/786/786
f 693/693/693 787/787/787 692/692/692
f 787/787/787 790/790/790 692/692/692
f 692/692/692 790/790/790 691/691/691
f 790/790/790 793/793/793 691/691/691
f 691/691/691 793/793/793 689/689/689
f 689/689/689 793/793/793 690/690/690
f 690/690/690 793/793/793 794/794/794
f 794/794/794 793/793/793 791/791/791
f 793/793/793 790/790/790 791/791/791
f 795/795/795 796/796/796 797/797/797
f 796/796/796 798/798/798 797/797/797
f 797/797/797 798/798/798 799/799/799
f 798/798/798 800/800/800 799/799/799
f 799/799/799 800/800/800 801/801/801
f 800/800/800 802/802/802 801/801/801
f 801/801/801 802/802/802 803/803/803
f 802/802/802 804/804/804 803/803/803
f 803/803/803 804/804/804 805/805/805
f 804/804/804 806/806/806 805/805/805
f 805/805/805 806/806/806 807/807/807
f 806/806/806 808/808/808 807/807/807
f 807/807/807 808/808/808 809/809/809
f 808/808/808 810/810/810 809/809/809
f 809/809/809 810/810/810 811/811/811
f 810/810/810 812/812/812 811/811/811
f 811/811/811 812/812/812 813/813/813
f 812/812/812 814/814/814 813/813/813
f 813/813/813 814/814/814 815/815/815
f 814/814/814 816/816/816 815/815/815
f 815/815/815 816/816/816 817/817/817
f 816/816/816 818/818/818 817/817/817
f 817/817/817 818/818/818 819/819/819
f 818/818/818 816/816/816 820/820/820
f 820/820/820 816/816/816 821/821/821
f 816/816/816 814/814/814 821/821/821
f 821/821/821 814/814/814 822/822/822
f 814/814/814 812/812/812 822/822/822
f 822/822/822 812/812/812 823/823/823
f 812/812/812 810/810/810 823/823/823
f 823/823/823 810/810/810 824/824/824
f 810/810/810 808/808/808 824/824/824
f 824/824/824 808/808/808 825/825/825
f 808/808/808 806/806/806 825/825/825
f 825/825/825 806/806/806 826/826/826
f 806/806/806 804/804/804 826/826/826
f 826/826/826 804/804/804 827/827/827
f 804/804/804 802/802/802 827/827/827
f 827/827/827 802/802/802 828/828/828
f 802/802/802 800/800/800 828/828/828
f 828/828/828 800/800/800 829/829/829
f 800/800/800 798/798/798 829/829/829
f 829/829/829 798/798/798 830/830/830
f 798/798/798 796/796/796 830/830/830
f 820/820/820 821/821/821 831/831/831
f 831/831/831 821/821/821 832/832/832
f 821/821/821 822/822/822 832/832/832
f 830/830/830 833/833/833 829/829/829
f 833/833/833 834/834/834 829/829/829
f 829/829/829 834/834/834 828/828/828
f 834/834/834 835/835/835 828/828/828
f 828/828/828 835/835/835 827/827/827
f 835/835/835 836/836/836 827/827/827
f 827/827/827 836/836/836 826/826/826
f 836/836/836 837/837/837 826/826/826
f 826/826/826 837/837/837 825/825/825
f 837/837/837 838/838/838 825/825/825
f 825/825/825 838/838/838 824/824/824
f 838/838/838 839/839/839 824/824/824
f 824/824/824 839/839/839 823/823/823
f 839/839/839 840/840/840 823/823/823
f 823/823/823 840/840/840 822/822/822
f 840/840/840 832/832/832 822/822/822
f 833/833/833 830/830/830 841/841/841
f 830/830/830 842/842/842 841/841/841
f 841/841/841 842/842/842 843/843/843
f 842/842/842 844/844/844 843/843/843
f 843/843/843 844/844/844 845/845/845
f 830/830/830 796/796/796 842/842/842
f 842/842/842 796/796/796 846/846/846
f 796/796/796 795/795/795 846/846/846
f 795/795/795 847/847/847 846/846/846
f 846/846/846 847/847/847 848/848/848
f 847/847/847 849/849/849 848/848/848
f 842/842/842 846/846/846 844/844/844
f 846/846/846 848/848/848 844/844/844
f 848/848/848 850/850/850 844/844/844
f 844/844/844 850/850/850 845/845/845
f 850/850/850 851/851/851 845/845/845
f 845/845/845 851/851/851 852/852/852
f 851/851/851 853/853/853 852/852/852
f 852/852/852 853/853/853 854/854/854
f 853/853/853 855/855/855 854/854/854
f 854/854/854 855/855/855 856/856/856
f 856/856/856 855/855/855 857/857/857
f 855/855/855 858/858/858 857/857/857
f 857/857/857 858/858/858 859/859/859
f 858/858/858 860/860/860 859/859/859
f 859/859/859 860/860/860 861/861/861
f 860/860/860 858/858/858 862/862/862
f 862/862/862 858/858/858 863/863/863
f 858/858/858 855/855/855 863/863/863
f 855/855/855 853/853/853 863/863/863
f 863/863/863 853/853/853 864/864/864
f 853/853/853 851/851/851 864/864/864
f 864/864/864 851/851/851 865/865/865
f 851/851/851 850/850/850 865/865/865
f 865/865/865 850/850/850 866/866/866
f 850/850/850 848/848/848 866/866/866
f 848/848/848 849/849/849 866/866/866
f 849/849/849 867/867/867 866/866/866
f 867/867/867 868/868/868 866/866/866
f 866/866/866 868/868/868 865/865/865
f 868/868/868 869/869/869 865/865/865
f 865/865/865 869/869/869 864/864/864
f 869/869/869 870/870/870 864/864/864
f 864/864/864 870/870/870 863/863/863
f 870/870/870 862/862/862 863/863/863
f 867/867/867 871/871/871 868/868/868
f 871/871/871 872/872/872 868/868/868
f 868/868/868 872/872/872 869/869/869
f 872/872/872 873/873/873 869/869/869
f 869/869/869 873/873/873 870/870/870
f 870/870/870 873/873/873 874/874/874
f 873/873/873 875/875/875 874/874/874
f 874/874/874 875/875/875 876/876/876
f 871/871/871 877/877/877 872/872/872
f 872/872/872 877/877/877 878/878/878
f 877/877/877 879/879/879 878/878/878
f 878/878/878 879/879/879 880/880/880
f 879/879/879 881/881/881 880/880/880
f 880/880/880 881/881/881 882/882/882
f 881/881/881 883/883/883 882/882/882
f 872/872/872 878/878/878 873/873/873
f 873/873/873 878/878/878 875/875/875
f 878/878/878 880/880/880 875/875/875
f 875/875/875 880/880/880 884/884/884
f 880/880/880 882/882/882 884/884/884
f 884/884/884 882/882/882 885/885/885
f 885/885/885 882/882/882 886/886/886
f 882/882/882 883/883/883 886/886/886
f 883/883/883 887/887/887 886/886/886
f 887/887/887 888/888/888 886/886/886
f 888/888/888 889/889/889 886/886/886
f 886/886/886 889/889/889 885/885/885
f 889/889/889 890/890/890 885/885/885
f 890/890/890 891/891/891 885/885/885
f 885/885/885 891/891/891 884/884/884
f 891/891/891 876/876/876 884/884/884
f 884/884/884 876/876/876 875/875/875
f 890/890/890 889/889/889 892/892/892
f 892/892/892 889/889/889 893/893/893
f 889/889/889 888/888/888 893/893/893
f 892/892/892 893/893/893 894/894/894
f 895/895/895 897/897/897 896/896/896
f 897/897/897 898/898/898 896/896/896
f 896/896/896 898/898/898 899/899/899
f 898/898/898 900/900/900 899/899/899
f 899/899/899 900/900/900 901/901/901
f 900/900/900 902/902/902 901/901/901
f 901/901/901 902/902/902 903/903/903
f 902/902/902 904/904/904 903/903/903
f 903/903/903 904/904/904 905/905/905
f 904/904/904 906/906/906 905/905/905
f 905/905/905 906/906/906 907/907/907
f 906/906/906 908/908/908 907/907/907
f 907/907/907 908/908/908 909/909/909
f 908/908/908 910/910/910 909/909/909
f 909/909/909 910/910/910 911/911/911
f 910/910/910 912/912/912 911/911/911
f 911/911/911 912/912/912 913/913/913
f 912/912/912 914/914/914 913/913/913
f 913/913/913 914/914/914 915/915/915
f 914/914/914 916/916/916 915/915/915
f 915/915/915 916/916/916 917/917/917
f 916/916/916 918/918/918 917/917/917
f 917/917/917 918/918/918 919/919/919
f 918/918/918 920/920/920 919/919/919
f 919/919/919 920/920/920 921/921/921
f 920/920/920 922/922/922 921/921/921
f 921/921/921 922/922/922 923/923/923
f 922/922/922 924/924/924 923/923/923
f 923/923/923 924/924/924 925/925/925
f 924/924/924 926/926/926 925/925/925
f 925/925/925 926/926/926 927/927/927
f 926/926/926 928/928/928 927/927/927
f 927/927/927 928/928/928 929/929/929
f 928/928/928 930/930/930 929/929/929
f 929/929/929 930/930/930 931/931/931
f 930/930/930 932/932/932 931/931/931
f 931/931/931 932/932/932 933/933/933
f 932/932/932 934/934/934 933/933/933
f 933/933/933 934/934/934 935/935/935
f 934/934/934 936/936/936 935/935/935
f 935/935/935 936/936/936 937/937/937
f 936/936/936 934/934/934 938/938/938
f 938/938/938 934/934/934 939/939/939
f 934/934/934 932/932/932 939/939/939
f 939/939/939 932/932/932 940/940/940
f 932/932/932 930/930/930 940/940/940
f 940/940/940 930/930/930 941/941/941
f 930/930/930 928/928/928 941/941/941
f 938/938/938 939/939/939 942/942/942
f 942/942/942 939/939/939 943/943/943
f 939/939/939 940/940/940 943/943/943
f 943/943/943 940/940/940 944/944/944
f 940/940/940 941/941/941 944/944/944
f 944/944/944 941/941/941 945/945/945
f 941/941/941 946/946/946 945/945/945
f 945/945/945 946/946/946 947/947/947
f 946/946/946 948/948/948 947/947/947
f 947/947/947 948/948/948 949/949/949
f 949/949/949 948/948/948 950/950/950
f 948/948/948 924/924/924 950/950/950
f 924/924/924 922/922/922 950/950/950
f 950/950/950 922/922/922 951/951/951
f 922/922/922 920/920/920 951/951/951
f 941/941/941 928/928/928 946/946/946
f 928/928/928 926/926/926 946/946/946
f 946/946/946 926/926/926 948/948/948
f 926/926/926 924/924/924 948/948/948
f 949/949/949 950/950/950 952/952/952
f 950/950/950 951/951/951 952/952/952
f 951/951/951 953/953/953 952/952/952
f 952/952/952 953/953/953 954/954/954
f 953/953/953 955/955/955 954/954/954
f 954/954/954 955/955/955 956/956/956
f 955/955/955 957/957/957 956/956/956
f 956/956/956 957/957/957 958/958/958
f 958/958/958 957/957/957 959/959/959
f 957/957/957 960/960/960 959/959/959
f 959/959/959 960/960/960 961/961/961
f 960/960/960 957/957/957 962/962/962
f 957/957/957 955/955/955 962/962/962
f 962/962/962 955/955/955 963/963/963
f 955/955/955 953/953/953 963/963/963
f 963/963/963 953/953/953 964/964/964
f 953/953/953 951/951/951 964/964/964
f 951/951/951 920/920/920 964/964/964
f 920/920/920 918/918/918 964/964/964
f 964/964/964 918/918/918 965/965/965
f 918/918/918 916/916/916 965/965/965
f 964/964/964 965/965/965 963/963/963
f 965/965/965 966/966/966 963/963/963
f 963/963/963 966/966/966 962/962/962
f 966/966/966 967/967/967 962/962/962
f 962/962/962 967/967/967 960/960/960
f 967/967/967 968/968/968 960/960/960
f 960/960/960 968/968/968 961/961/961
f 961/961/961 968/968/968 969/969/969
f 968/968/968 970/970/970 969/969/969
f 969/969/969 970/970/970 971/971/971
f 970/970/970 968/968/968 972/972/972
f 968/968/968 967/967/967 972/972/972
f 972/972/972 967/967/967 973/973/973
f 967/967/967 966/966/966 973/973/973
f 973/973/973 966/966/966 974/974/974
f 966/966/966 965/965/965 974/974/974
f 965/965/965 916/916/916 974/974/974
f 916/916/916 914/914/914 974/974/974
f 974/974/974 914/914/914 975/975/975
f 914/914/914 912/912/912 975/975/975
f 974/974/974 975/975/975 973/973/973
f 975/975/975 976/976/976 973/973/973
f 973/973/973 976/976/976 972/972/972
f 976/976/976 977/977/977 972/972/972
f 972/972/972 977/977/977 970/970/970
f 977/977/977 978/978/978 970/970/970
f 970/970/970 978/978/978 971/971/971
f 971/971/971 978/978/978 979/979/979
f 978/978/978 980/980/980 979/979/979
f 979/979/979 980/980/980 981/981/981
f 980/980/980 978/978/978 982/982/982
f 978/978/978 977/977/977 982/982/982
f 982/982/982 977/977/977 983/983/983
f 977/977/977 976/976/976 983/983/983
f 983/983/983 976/976/976 984/984/984
f 976/976/976 975/975/975 984/984/984
f 975/975/975 912/912/912 984/984/984
f 912/912/912 910/910/910 984/984/984
f 984/984/984 910/910/910 985/985/985
f 910/910/910 908/908/908 985/985/985
f 984/984/984 985/985/985 983/983/983
f 985/985/985 986/986/986 983/983/983
f 983/983/983 986/986/986 982/982/982
f 986/986/986 987/987/987 982/982/982
f 982/982/982 987/987/987 980/980/980
f 987/987/987 988/988/988 980/980/980
f 980/980/980 988/988/988 981/981/981
f 981/981/981 988/988/988 989/989/989
f 988/988/988 990/990/990 989/989/989
f 989/989/989 990/990/990 991/991/991
f 990/990/990 988/988/988 992/992/992
f 988/988/988 987/987/987 992/992/992
f 992/992/992 987/987/987 993/993/993
f 987/987/987 986/986/986 993/993/993
f 993/993/993 986/986/986 994/994/994
f 986/986/986 985/985/985 994/994/994
f 985/985/985 908/908/908 994/994/994
f 908/908/908 906/906/906 994/994/994
f 994/994/994 906/906/906 995/995/995
f 906/906/906 904/904/904 995/995/995
f 994/994/994 995/995/995 993/993/993
f 995/995/995 996/996/996 993/993/993
f 993/993/993 996/996/996 992/992/992
f 996/996/996 997/997/997 992/992/992
f 992/992/992 997/997/997 990/990/990
f 997/997/997 998/998/998 990/990/990
f 990/990/990 998/998/998 991/991/991
f 991/991/991 998/998/998 999/999/999
f 998/998/998 1000/1000/1000 999/999/999
f 999/999/999 1000/1000/1000 1001/1001/1001
f 1000/1000/1000 998/998/998 1002/1002/1002
f 998/998/998 997/997/997 1002/1002/1002
f 1002/1002/1002 997/997/997 1003/1003/1003
f 997/997/997 996/996/996 1003/1003/1003
f 1003/1003/1003 996/996/996 1004/1004/1004
f 996/996/996 995/995/995 1004/1004/1004
f 995/995/995 904/904/904 1004/1004/1004
f 904/904/904 902/902/902 1004/1004/1004
f 1004/1004/1004 902/902/902 1005/1005/1005
f 902/902/902 900/900/900 1005/1005/1005
f 1004/1004/1004 1005/1005/1005 1003/1003/1003
f 1005/1005/1005 1006/1006/1006 1003/1003/1003
f 1003/1003/1003 1006/1006/1006 1002/1002/1002
f 1006/1006/1006 1007/1007/1007 1002/1002/1002
f 1002/1002/1002 1007/1007/1007 1000/1000/1000
f 1007/1007/1007 1008/1008/1008 1000/1000/1000
f 1000/1000/1000 1008/1008/1008 1001/1001/1001
f 1001/1001/1001 1008/1008/1008 1009/1009/1009
f 1008/1008/1008 1010/1010/1010 1009/1009/1009
f 1009/1009/1009 1010/1010/1010 1011/1011/1011
f 1010/1010/1010 1008/1008/1008 1012/1012/1012
f 1008/1008/1008 1007/1007/1007 1012/1012/1012
f 1012/1012/1012 1007/1007/1007 1013/1013/1013
f 1007/1007/1007 1006/1006/1006 1013/1013/1013
f 1013/1013/1013 1006/1006/1006 1014/1014/1014
f 1006/1006/1006 1005/1005/1005 1014/1014/1014
f 1005/1005/1005 900/900/900 1014/1014/1014
f 900/900/900 898/898/898 1014/1014/1014
f 1014/1014/1014 898/898/898 1015/1015/1015
f 898/898/898 897/897/897 1015/1015/1015
f 1014/1014/1014 1015/1015/1015 1013/1013/1013
f 1015/1015/1015 1016/1016/1016 1013/1013/1013
f 1013/1013/1013 1016/1016/1016 1012/1012/1012
f 1016/1016/1016 1017/1017/1017 1012/1012/1012
f 1012/1012/1012 1017/1017/1017 1010/1010/1010
f 1017/1017/1017 1018/1018/1018 1010/1010/1010
f 1010/1010/1010 1018/1018/1018 1011/1011/1011
f 1011/1011/1011 1018/1018/1018 1019/1019/1019
f 1018/1018/1018 1020/1020/1020 1019/1019/1019
f 1019/1019/1019 1020/1020/1020 1021/1021/1021
f 1020/1020/1020 1018/1018/1018 1022/1022/1022
f 1018/1018/1018 1017/1017/1017 1022/1022/1022
f 1022/1022/1022 1017/1017/1017 1023/1023/1023
f 1017/1017/1017 1016/1016/1016 1023/1023/1023
f 1023/1023/1023 1016/1016/1016 1024/1024/1024
f 1016/1016/1016 1015/1015/1015 1024/1024/1024
f 1015/1015/1015 897/897/897 1024/1024/1024
f 1024/1024/1024 897/897/897 1025/1025/1025
f 897/897/897 895/895/895 1025/1025/1025
f 1025/1025/1025 1026/1026/1026 1024/1024/1024
f 1024/1024/1024 1026/1026/1026 1023/1023/1023
f 1026/1026/1026 1027/1027/1027 1023/1023/1023
f 1023/1023/1023 1027/1027/1027 1022/1022/1022
f 1027/1027/1027 1028/1028/1028 1022/1022/1022
f 1022/1022/1022 1028/1028/1028 1020/1020/1020
f 1028/1028/1028 1029/1029/1029 1020/1020/1020
f 1020/1020/1020 1029/1029/1029 1021/1021/1021
f 1021/1021/1021 1029/1029/1029 1030/1030/1030
f 1029/1029/1029 1031/1031/1031 1030/1030/1030
f 1030/1030/1030 1031/1031/1031 1032/1032/1032
f 1031/1031/1031 1029/1029/1029 1033/1033/1033
f 1029/1029/1029 1028/1028/1028 1033/1033/1033
f 1033/1033/1033 1028/1028/1028 1034/1034/1034
f 1028/1028/1028 1027/1027/1027 1034/1034/1034
f 1034/1034/1034 1027/1027/1027 1035/1035/1035
f 1027/1027/1027 1026/1026/1026 1035/1035/1035
f 1035/1035/1035 1026/1026/1026 1036/1036/1036
f 1026/1026/1026 1025/1025/1025 1036/1036/1036
f 1036/1036/1036 1025/1025/1025 1037/1037/1037
f 1025/1025/1025 895/895/895 1037/1037/1037
f 1037/1037/1037 895/895/895 1038/1038/1038
f 895/895/895 1039/1039/1039 1038/1038/1038
f 1038/1038/1038 1039/1039/1039 1040/1040/1040
f 1039/1039/1039 1041/1041/1041 1040/1040/1040
f 1040/1040/1040 1041/1041/1041 1042/1042/1042
f 1041/1041/1041 1043/1043/1043 1042/1042/1042
f 1042/1042/1042 1044/1044/1044 1040/1040/1040
f 1044/1044/1044 1045/1045/1045 1040/1040/1040
f 1040/1040/1040 1045/1045/1045 1038/1038/1038
f 1045/1045/1045 1046/1046/1046 1038/1038/1038
f 1038/1038/1038 1046/1046/1046 1037/1037/1037
f 1046/1046/1046 1047/1047/1047 1037/1037/1037
f 1037/1037/1037 1047/1047/1047 1036/1036/1036
f 1047/1047/1047 1048/1048/1048 1036/1036/1036
f 1036/1036/1036 1048/1048/1048 1035/1035/1035
f 1048/1048/1048 1049/1049/1049 1035/1035/1035
f 1035/1035/1035 1049/1049/1049 1034/1034/1034
f 1049/1049/1049 1050/1050/1050 1034/1034/1034
f 1034/1034/1034 1050/1050/1050 1033/1033/1033
f 1050/1050/1050 1051/1051/1051 1033/1033/1033
f 1033/1033/1033 1051/1051/1051 1031/1031/1031
f 1051/1051/1051 1052/1052/1052 1031/1031/1031
f 1031/1031/1031 1052/1052/1052 1032/1032/1032
f 1032/1032/1032 1052/1052/1052 1053/1053/1053
f 1052/1052/1052 1054/1054/1054 1053/1053/1053
f 1053/1053/1053 1054/1054/1054 1055/1055/1055
f 1044/1044/1044 1056/1056/1056 1045/1045/1045
f 1056/1056/1056 1057/1057/1057 1045/1045/1045
f 1045/1045/1045 1057/1057/1057 1046/1046/1046
f 1054/1054/1054 1052/1052/1052 1058/1058/1058
f 1052/1052/1052 1051/1051/1051 1058/1058/1058
f 1058/1058/1058 1051/1051/1051 1059/1059/1059
f 1051/1051/1051 1050/1050/1050 1059/1059/1059
f 1059/1059/1059 1050/1050/1050 1060/1060/1060
f 1050/1050/1050 1049/1049/1049 1060/1060/1060
f 1060/1060/1060 1049/1049/1049 1061/1061/1061
f 1049/1049/1049 1048/1048/1048 1061/1061/1061
f 1061/1061/1061 1048/1048/1048 1062/1062/1062
f 1048/1048/1048 1047/1047/1047 1062/1062/1062
f 1062/1062/1062 1047/1047/1047 1063/1063/1063
f 1047/1047/1047 1046/1046/1046 1063/1063/1063
f 1063/1063/1063 1046/1046/1046 1057/1057/1057
f 1064/1064/1064 1066/1066/1066 1065/1065/1065
f 1066/1066/1066 1067/1067/1067 1065/1065/1065
f 1065/1065/1065 1067/1067/1067 1068/1068/1068
f 1067/1067/1067 1069/1069/1069 1068/1068/1068
f 1068/1068/1068 1069/1069/1069 1070/1070/1070
f 1069/1069/1069 1071/1071/1071 1070/1070/1070
f 1070/1070/1070 1071/1071/1071 1072/1072/1072
f 1071/1071/1071 1073/1073/1073 1072/1072/1072
f 1072/1072/1072 1073/1073/1073 1074/1074/1074
f 1073/1073/1073 1075/1075/1075 1074/1074/1074
f 1074/1074/1074 1075/1075/1075 1076/1076/1076
f 1075/1075/1075 1077/1077/1077 1076/1076/1076
f 1076/1076/1076 1077/1077/1077 1078/1078/1078
f 1077/1077/1077 1079/1079/1079 1078/1078/1078
f 1078/1078/1078 1079/1079/1079 1080/1080/1080
f 1079/1079/1079 1081/1081/1081 1080/1080/1080
f 1080/1080/1080 1081/1081/1081 1082/1082/1082
f 1081/1081/1081 1083/1083/1083 1082/1082/1082
f 1082/1082/1082 1083/1083/1083 1084/1084/1084
f 1083/1083/1083 1085/1085/1085 1084/1084/1084
f 1084/1084/1084 1085/1085/1085 1086/1086/1086
f 1085/1085/1085 1087/1087/1087 1086/1086/1086
f 1086/1086/1086 1087/1087/1087 1088/1088/1088
f 1087/1087/1087 1089/1089/1089 1088/1088/1088
f 1088/1088/1088 1089/1089/1089 1090/1090/1090
f 1089/1089/1089 1091/1091/1091 1090/1090/1090
f 1090/1090/1090 1091/1091/1091 1092/1092/1092
f 1091/1091/1091 1093/1093/1093 1092/1092/1092
f 1092/1092/1092 1093/1093/1093 1094/1094/1094
f 1093/1093/1093 1095/1095/1095 1094/1094/1094
f 1094/1094/1094 1095/1095/1095 1096/1096/1096
f 1095/1095/1095 1097/1097/1097 1096/1096/1096
f 1096/1096/1096 1097/1097/1097 1098/1098/1098
f 1097/1097/1097 1099/1099/1099 1098/1098/1098
f 1098/1098/1098 1099/1099/1099 1100/1100/1100
f 1099/1099/1099 1101/1101/1101 1100/1100/1100
f 1100/1100/1100 1101/1101/1101 1102/1102/1102
f 1101/1101/1101 1103/1103/1103 1102/1102/1102
f 1102/1102/1102 1103/1103/1103 1104/1104/1104
f 1103/1103/1103 1105/1105/1105 1104/1104/1104
f 1104/1104/1104 1105/1105/1105 1106/1106/1106
f 1105/1105/1105 1103/1103/1103 1107/1107/1107
f 1107/1107/1107 1103/1103/1103 1108/1108/1108
f 1103/1103/1103 1101/1101/1101 1108/1108/1108
f 1108/1108/1108 1101/1101/1101 1109/1109/1109
f 1101/1101/1101 1099/1099/1099 1109/1109/1109
f 1109/1109/1109 1099/1099/1099 1110/1110/1110
f 1099/1099/1099 1097/1097/1097 1110/1110/1110
f 1110/1110/1110 1097/1097/1097 1111/1111/1111
f 1097/1097/1097 1095/1095/1095 1111/1111/1111
f 1111/1111/1111 1095/1095/1095 1112/1112/1112
f 1095/1095/1095 1093/1093/1093 1112/1112/1112
f 1112/1112/1112 1093/1093/1093 1113/1113/1113
f 1093/1093/1093 1091/1091/1091 1113/1113/1113
f 1113/1113/1113 1091/1091/1091 1114/1114/1114
f 1091/1091/1091 1089/1089/1089 1114/1114/1114
f 1114/1114/1114 1089/1089/1089 1115/1115/1115
f 1089/1089/1089 1087/1087/1087 1115/1115/1115
f 1115/1115/1115 1087/1087/1087 1116/1116/1116
f 1087/1087/1087 1085/1085/1085 1116/1116/1116
f 1116/1116/1116 1085/1085/1085 1117/1117/1117
f 1085/1085/1085 1083/1083/1083 1117/1117/1117
f 1117/1117/1117 1083/1083/1083 1118/1118/1118
f 1083/1083/1083 1081/1081/1081 1118/1118/1118
f 1118/1118/1118 1081/1081/1081 1119/1119/1119
f 1081/1081/1081 1079/1079/1079 1119/1119/1119
f 1119/1119/1119 1079/1079/1079 1120/1120/1120
f 1079/1079/1079 1077/1077/1077 1120/1120/1120
f 1120/1120/1120 1077/1077/1077 1121/1121/1121
f 1077/1077/1077 1075/1075/1075 1121/1121/1121
f 1121/1121/1121 1075/1075/1075 1122/1122/1122
f 1075/1075/1075 1073/1073/1073 1122/1122/1122
f 1122/1122/1122 1073/1073/1073 1123/1123/1123
f 1073/1073/1073 1071/1071/1071 1123/1123/1123
f 1123/1123/1123 1071/1071/1071 1124/1124/1124
f 1071/1071/1071 1069/1069/1069 1124/1124/1124
f 1124/1124/1124 1069/1069/1069 1125/1125/1125
f 1069/1069/1069 1067/1067/1067 1125/1125/1125
f 1125/1125/1125 1067/1067/1067 1126/1126/1126
f 1067/1067/1067 1066/1066/1066 1126/1126/1126
f 1107/1107/1107 1108/1108/1108 1127/1127/1127
f 1127/1127/1127 1108/1108/1108 1128/1128/1128
f 1108/1108/1108 1109/1109/1109 1128/1128/1128
f 1126/1126/1126 1129/1129/1129 1125/1125/1125
f 1129/1129/1129 1130/1130/1130 1125/1125/1125
f 1125/1125/1125 1130/1130/1130 1124/1124/1124
f 1130/1130/1130 1131/1131/1131 1124/1124/1124
f 1124/1124/1124 1131/1131/1131 1123/1123/1123
f 1131/1131/1131 1132/1132/1132 1123/1123/1123
f 1123/1123/1123 1132/1132/1132 1122/1122/1122
f 1132/1132/1132 1133/1133/1133 1122/1122/1122
f 1122/1122/1122 1133/1133/1133 1121/1121/1121
f 1134/1134/1134 1136/1136/1136 1135/1135/1135
f 1135/1135/1135 1136/1136/1136 1137/1137/1137
f 1136/1136/1136 1138/1138/1138 1137/1137/1137
f 1137/1137/1137 1138/1138/1138 1139/1139/1139
f 1138/1138/1138 1140/1140/1140 1139/1139/1139
f 1139/1139/1139 1140/1140/1140 1141/1141/1141
f 1140/1140/1140 1142/1142/1142 1141/1141/1141
f 1141/1141/1141 1142/1142/1142 1143/1143/1143
f 1142/1142/1142 1144/1144/1144 1143/1143/1143
f 1143/1143/1143 1144/1144/1144 1145/1145/1145
f 1144/1144/1144 1146/1146/1146 1145/1145/1145
f 1145/1145/1145 1146/1146/1146 1147/1147/1147
f 1146/1146/1146 1148/1148/1148 1147/1147/1147
f 1147/1147/1147 1148/1148/1148 1149/1149/1149
f 1148/1148/1148 1150/1150/1150 1149/1149/1149
f 1149/1149/1149 1150/1150/1150 1151/1151/1151
f 1150/1150/1150 1152/1152/1152 1151/1151/1151
f 1152/1152/1152 1153/1153/1153 1151/1151/1151
f 1151/1151/1151 1153/1153/1153 1154/1154/1154
f 1153/1153/1153 1155/1155/1155 1154/1154/1154
f 1154/1154/1154 1155/1155/1155 1156/1156/1156
f 1155/1155/1155 1157/1157/1157 1156/1156/1156
f 1156/1156/1156 1157/1157/1157 1114/1114/1114
f 1114/1114/1114 1157/1157/1157 1113/1113/1113
f 1157/1157/1157 1158/1158/1158 1113/1113/1113
f 1113/1113/1113 1158/1158/1158 1112/1112/1112
f 1158/1158/1158 1159/1159/1159 1112/1112/1112
f 1112/1112/1112 1159/1159/1159 1111/1111/1111
f 1159/1159/1159 1160/1160/1160 1111/1111/1111
f 1111/1111/1111 1160/1160/1160 1110/1110/1110
f 1160/1160/1160 1161/1161/1161 1110/1110/1110
f 1110/1110/1110 1161/1161/1161 1109/1109/1109
f 1161/1161/1161 1128/1128/1128 1109/1109/1109
f 1135/1135/1135 1137/1137/1137 1162/1162/1162
f 1137/1137/1137 1163/1163/1163 1162/1162/1162
f 1162/1162/1162 1163/1163/1163 1132/1132/1132
f 1163/1163/1163 1133/1133/1133 1132/1132/1132
f 1139/1139/1139 1163/1163/1163 1137/1137/1137
f 1114/1114/1114 1115/1115/1115 1156/1156/1156
f 1156/1156/1156 1115/1115/1115 1164/1164/1164
f 1115/1115/1115 1116/1116/1116 1164/1164/1164
f 1156/1156/1156 1164/1164/1164 1154/1154/1154
f 1164/1164/1164 1165/1165/1165 1154/1154/1154
f 1154/1154/1154 1165/1165/1165 1151/1151/1151
f 1151/1151/1151 1165/1165/1165 1149/1149/1149
f 1165/1165/1165 1166/1166/1166 1149/1149/1149
f 1149/1149/1149 1166/1166/1166 1147/1147/1147
f 1166/1166/1166 1165/1165/1165 1167/1167/1167
f 1165/1165/1165 1164/1164/1164 1167/1167/1167
f 1164/1164/1164 1116/1116/1116 1167/1167/1167
f 1116/1116/1116 1117/1117/1117 1167/1167/1167
f 1167/1167/1167 1117/1117/1117 1168/1168/1168
f 1117/1117/1117 1118/1118/1118 1168/1168/1168
f 1167/1167/1167 1168/1168/1168 1166/1166/1166
f 1168/1168/1168 1169/1169/1169 1166/1166/1166
f 1166/1166/1166 1169/1169/1169 1147/1147/1147
f 1147/1147/1147 1169/1169/1169 1145/1145/1145
f 1169/1169/1169 1170/1170/1170 1145/1145/1145
f 1145/1145/1145 1170/1170/1170 1143/1143/1143
f 1170/1170/1170 1169/1169/1169 1171/1171/1171
f 1169/1169/1169 1168/1168/1168 1171/1171/1171
f 1168/1168/1168 1118/1118/1118 1171/1171/1171
f 1118/1118/1118 1119/1119/1119 1171/1171/1171
f 1171/1171/1171 1119/1119/1119 1172/1172/1172
f 1119/1119/1119 1120/1120/1120 1172/1172/1172
f 1171/1171/1171 1172/1172/1172 1170/1170/1170
f 1172/1172/1172 1173/1173/1173 1170/1170/1170
f 1170/1170/1170 1173/1173/1173 1143/1143/1143
f 1143/1143/1143 1173/1173/1173 1141/1141/1141
f 1173/1173/1173 1174/1174/1174 1141/1141/1141
f 1141/1141/1141 1174/1174/1174 1139/1139/1139
f 1139/1139/1139 1174/1174/1174 1163/1163/1163
f 1163/1163/1163 1174/1174/1174 1133/1133/1133
f 1174/1174/1174 1175/1175/1175 1133/1133/1133
f 1133/1133/1133 1175/1175/1175 1121/1121/1121
f 1121/1121/1121 1175/1175/1175 1120/1120/1120
f 1120/1120/1120 1175/1175/1175 1172/1172/1172
f 1172/1172/1172 1175/1175/1175 1173/1173/1173
f 1175/1175/1175 1174/1174/1174 1173/1173/1173
f 1066/1066/1066 1064/1064/1064 1176/1176/1176
f 1064/1064/1064 1177/1177/1177 1176/1176/1176
f 1176/1176/1176 1177/1177/1177 1178/1178/1178
f 1177/1177/1177 1179/1179/1179 1178/1178/1178
f 1178/1178/1178 1179/1179/1179 1180/1180/1180
f 1179/1179/1179 1181/1181/1181 1180/1180/1180
f 1180/1180/1180 1181/1181/1181 1182/1182/1182
f 1181/1181/1181 1183/1183/1183 1182/1182/1182
f 1182/1182/1182 1183/1183/1183 1184/1184/1184
f 1183/1183/1183 1185/1185/1185 1184/1184/1184
f 1184/1184/1184 1185/1185/1185 1186/1186/1186
f 1185/1185/1185 1187/1187/1187 1186/1186/1186
f 1186/1186/1186 1187/1187/1187 1188/1188/1188
f 1187/1187/1187 1189/1189/1189 1188/1188/1188
f 1188/1188/1188 1189/1189/1189 1190/1190/1190
f 1189/1189/1189 1191/1191/1191 1190/1190/1190
f 1190/1190/1190 1191/1191/1191 1192/1192/1192
f 1191/1191/1191 1193/1193/1193 1192/1192/1192
f 1193/1193/1193 1194/1194/1194 1192/1192/1192
f 1192/1192/1192 1194/1194/1194 1195/1195/1195
f 1194/1194/1194 1196/1196/1196 1195/1195/1195
f 1195/1195/1195 1196/1196/1196 1197/1197/1197
f 1196/1196/1196 1198/1198/1198 1197/1197/1197
f 1197/1197/1197 1199/1199/1199 1195/1195/1195
f 1199/1199/1199 1200/1200/1200 1195/1195/1195
f 1195/1195/1195 1200/1200/1200 1192/1192/1192
f 1192/1192/1192 1200/1200/1200 1190/1190/1190
f 1200/1200/1200 1201/1201/1201 1190/1190/1190
f 1190/1190/1190 1201/1201/1201 1188/1188/1188
f 1201/1201/1201 1202/1202/1202 1188/1188/1188
f 1188/1188/1188 1202/1202/1202 1186/1186/1186
f 1186/1186/1186 1202/1202/1202 1203/1203/1203
f 1202/1202/1202 1204/1204/1204 1203/1203/1203
f 1204/1204/1204 1205/1205/1205 1203/1203/1203
f 1205/1205/1205 1206/1206/1206 1203/1203/1203
f 1206/1206/1206 1184/1184/1184 1203/1203/1203
f 1203/1203/1203 1184/1184/1184 1186/1186/1186
f 1199/1199/1199 1207/1207/1207 1200/1200/1200
f 1200/1200/1200 1207/1207/1207 1201/1201/1201
f 1207/1207/1207 1208/1208/1208 1201/1201/1201
f 1201/1201/1201 1208/1208/1208 1202/1202/1202
f 1208/1208/1208 1204/1204/1204 1202/1202/1202
f 1205/1205/1205 1209/1209/1209 1206/1206/1206
f 1209/1209/1209 1210/1210/1210 1206/1206/1206
f 1206/1206/1206 1210/1210/1210 1182/1182/1182
f 1182/1182/1182 1210/1210/1210 1180/1180/1180
f 1210/1210/1210 1211/1211/1211 1180/1180/1180
f 1180/1180/1180 1211/1211/1211 1178/1178/1178
f 1211/1211/1211 1212/1212/1212 1178/1178/1178
f 1178/1178/1178 1212/1212/1212 1176/1176/1176
f 1206/1206/1206 1182/1182/1182 1184/1184/1184
f 1209/1209/1209 1213/1213/1213 1210/1210/1210
f 1210/1210/1210 1213/1213/1213 1211/1211/1211
f 1213/1213/1213 1214/1214/1214 1211/1211/1211
f 1211/1211/1211 1214/1214/1214 1212/1212/1212
f 1214/1214/1214 1215/1215/1215 1212/1212/1212
f 1212/1212/1212 1215/1215/1215 1216/1216/1216
f 1215/1215/1215 1217/1217/1217 1216/1216/1216
f 1216/1216/1216 1217/1217/1217 1126/1126/1126
f 1217/1217/1217 1129/1129/1129 1126/1126/1126
f 1212/1212/1212 1216/1216/1216 1176/1176/1176
f 1176/1176/1176 1216/1216/1216 1066/1066/1066
f 1216/1216/1216 1126/1126/1126 1066/1066/1066
f 1218/1218/1218 1219/1219/1219 1220/1220/1220
f 1220/1220/1220 1219/1219/1219 1221/1221/1221
f 1219/1219/1219 1222/1222/1222 1221/1221/1221
f 1221/1221/1221 1222/1222/1222 1223/1223/1223
f 1222/1222/1222 1224/1224/1224 1223/1223/1223
f 1223/1223/1223 1224/1224/1224 1225/1225/1225
f 1219/1219/1219 1218/1218/1218 1226/1226/1226
f 1218/1218/1218 1227/1227/1227 1226/1226/1226
f 1226/1226/1226 1227/1227/1227 1228/1228/1228
f 1227/1227/1227 1229/1229/1229 1228/1228/1228
f 1229/1229/1229 1230/1230/1230 1228/1228/1228
f 1228/1228/1228 1230/1230/1230 1231/1231/1231
f 1230/1230/1230 1232/1232/1232 1231/1231/1231
f 1231/1231/1231 1232/1232/1232 1233/1233/1233
f 1232/1232/1232 1234/1234/1234 1233/1233/1233
f 1233/1233/1233 1234/1234/1234 1235/1235/1235
f 1234/1234/1234 1236/1236/1236 1235/1235/1235
f 1235/1235/1235 1236/1236/1236 1237/1237/1237
f 1236/1236/1236 1238/1238/1238 1237/1237/1237
f 1237/1237/1237 1238/1238/1238 1239/1239/1239
f 1238/1238/1238 1240/1240/1240 1239/1239/1239
f 1239/1239/1239 1241/1241/1241 1237/1237/1237
f 1241/1241/1241 1242/1242/1242 1237/1237/1237
f 1237/1237/1237 1242/1242/1242 1235/1235/1235
f 1242/1242/1242 1243/1243/1243 1235/1235/1235
f 1235/1235/1235 1243/1243/1243 1233/1233/1233
f 1243/1243/1243 1244/1244/1244 1233/1233/1233
f 1233/1233/1233 1244/1244/1244 1231/1231/1231
f 1244/1244/1244 1245/1245/1245 1231/1231/1231
f 1231/1231/1231 1245/1245/1245 1228/1228/1228
f 1228/1228/1228 1245/1245/1245 1226/1226/1226
f 1245/1245/1245 1246/1246/1246 1226/1226/1226
f 1226/1226/1226 1246/1246/1246 1219/1219/1219
f 1219/1219/1219 1246/1246/1246 1222/1222/1222
f 1246/1246/1246 1247/1247/1247 1222/1222/1222
f 1222/1222/1222 1247/1247/1247 1224/1224/1224
f 1242/1242/1242 1241/1241/1241 1248/1248/1248
f 1247/1247/1247 1246/1246/1246 1249/1249/1249
f 1246/1246/1246 1245/1245/1245 1249/1249/1249
f 1245/1245/1245 1244/1244/1244 1249/1249/1249
f 1249/1249/1249 1244/1244/1244 1250/1250/1250
f 1244/1244/1244 1243/1243/1243 1250/1250/1250
f 1250/1250/1250 1243/1243/1243 1251/1251/1251
f 1243/1243/1243 1242/1242/1242 1251/1251/1251
f 1242/1242/1242 1248/1248/1248 1251/1251/1251
f 1248/1248/1248 1252/1252/1252 1251/1251/1251
f 1251/1251/1251 1252/1252/1252 1253/1253/1253
f 1252/1252/1252 1254/1254/1254 1253/1253/1253
f 1251/1251/1251 1253/1253/1253 1250/1250/1250
f 1253/1253/1253 1255/1255/1255 1250/1250/1250
f 1250/1250/1250 1255/1255/1255 1249/1249/1249
f 1249/1249/1249 1255/1255/1255 1247/1247/1247
f 1255/1255/1255 1256/1256/1256 1247/1247/1247
f 1247/1247/1247 1256/1256/1256 1224/1224/1224
f 1256/1256/1256 1257/1257/1257 1224/1224/1224
f 1224/1224/1224 1257/1257/1257 1225/1225/1225
f 1257/1257/1257 1256/1256/1256 1258/1258/1258
f 1258/1258/1258 1256/1256/1256 1259/1259/1259
f 1256/1256/1256 1255/1255/1255 1259/1259/1259
f 1255/1255/1255 1253/1253/1253 1259/1259/1259
f 1253/1253/1253 1254/1254/1254 1259/1259/1259
f 1254/1254/1254 1260/1260/1260 1259/1259/1259
f 1259/1259/1259 1260/1260/1260 1258/1258/1258
f 1261/1261/1261 1262/1262/1262 1225/1225/1225
f 1225/1225/1225 1262/1262/1262 1223/1223/1223
f 1262/1262/1262 1263/1263/1263 1223/1223/1223
f 1223/1223/1223 1263/1263/1263 1221/1221/1221
f 1263/1263/1263 1264/1264/1264 1221/1221/1221
f 1221/1221/1221 1264/1264/1264 1220/1220/1220
f 1220/1220/1220 1264/1264/1264 1265/1265/1265
f 1264/1264/1264 1266/1266/1266 1265/1265/1265
f 1265/1265/1265 1266/1266/1266 1267/1267/1267
f 1266/1266/1266 1268/1268/1268 1267/1267/1267
f 1267/1267/1267 1268/1268/1268 1269/1269/1269
f 1269/1269/1269 1268/1268/1268 1270/1270/1270
f 1268/1268/1268 1271/1271/1271 1270/1270/1270
f 1270/1270/1270 1271/1271/1271 1272/1272/1272
f 1271/1271/1271 1273/1273/1273 1272/1272/1272
f 1272/1272/1272 1273/1273/1273 1274/1274/1274
f 1273/1273/1273 1271/1271/1271 1275/1275/1275
f 1275/1275/1275 1271/1271/1271 1276/1276/1276
f 1271/1271/1271 1268/1268/1268 1276/1276/1276
f 1268/1268/1268 1266/1266/1266 1276/1276/1276
f 1276/1276/1276 1266/1266/1266 1277/1277/1277
f 1266/1266/1266 1264/1264/1264 1277/1277/1277
f 1264/1264/1264 1263/1263/1263 1277/1277/1277
f 1277/1277/1277 1263/1263/1263 1278/1278/1278
f 1263/1263/1263 1262/1262/1262 1278/1278/1278
f 1278/1278/1278 1262/1262/1262 1279/1279/1279
f 1262/1262/1262 1261/1261/1261 1279/1279/1279
f 1261/1261/1261 1280/1280/1280 1279/1279/1279
f 1280/1280/1280 1281/1281/1281 1279/1279/1279
f 1281/1281/1281 1282/1282/1282 1279/1279/1279
f 1279/1279/1279 1282/1282/1282 1278/1278/1278
f 1282/1282/1282 1283/1283/1283 1278/1278/1278
f 1278/1278/1278 1283/1283/1283 1277/1277/1277
f 1277/1277/1277 1283/1283/1283 1276/1276/1276
f 1283/1283/1283 1275/1275/1275 1276/1276/1276
f 1283/1283/1283 1282/1282/1282 1284/1284/1284
f 1282/1282/1282 1285/1285/1285 1284/1284/1284
f 1284/1284/1284 1285/1285/1285 1286/1286/1286
f 1285/1285/1285 1287/1287/1287 1286/1286/1286
f 1286/1286/1286 1287/1287/1287 1288/1288/1288
f 1280/1280/1280 1289/1289/1289 1281/1281/1281
f 1289/1289/1289 1290/1290/1290 1281/1281/1281
f 1281/1281/1281 1290/1290/1290 1285/1285/1285
f 1290/1290/1290 1287/1287/1287 1285/1285/1285
f 1282/1282/1282 1281/1281/1281 1285/1285/1285
f 1291/1291/1291 1293/1293/1293 1292/1292/1292
f 1292/1292/1292 1293/1293/1293 1294/1294/1294
f 1293/1293/1293 1295/1295/1295 1294/1294/1294
f 1294/1294/1294 1295/1295/1295 1296/1296/1296
f 1295/1295/1295 1297/1297/1297 1296/1296/1296
f 1292/1292/1292 1294/1294/1294 1298/1298/1298
f 1294/1294/1294 1299/1299/1299 1298/1298/1298
f 1298/1298/1298 1299/1299/1299 1300/1300/1300
f 1299/1299/1299 1301/1301/1301 1300/1300/1300
f 1300/1300/1300 1301/1301/1301 1302/1302/1302
f 1294/1294/1294 1296/1296/1296 1299/1299/1299
f 1299/1299/1299 1296/1296/1296 1303/1303/1303
f 1303/1303/1303 1296/1296/1296 1304/1304/1304
f 1296/1296/1296 1297/1297/1297 1304/1304/1304
f 1304/1304/1304 1297/1297/1297 1305/1305/1305
f 1305/1305/1305 1297/1297/1297 1306/1306/1306
f 1297/1297/1297 1307/1307/1307 1306/1306/1306
f 1306/1306/1306 1307/1307/1307 1308/1308/1308
f 1307/1307/1307 1309/1309/1309 1308/1308/1308
f 1308/1308/1308 1309/1309/1309 1310/1310/1310
f 1309/1309/1309 1311/1311/1311 1310/1310/1310
f 1303/1303/1303 1301/1301/1301 1299/1299/1299
f 1310/1310/1310 1312/1312/1312 1308/1308/1308
f 1308/1308/1308 1312/1312/1312 1313/1313/1313
f 1312/1312/1312 1314/1314/1314 1313/1313/1313
f 1313/1313/1313 1314/1314/1314 1315/1315/1315
f 1314/1314/1314 1316/1316/1316 1315/1315/1315
f 1315/1315/1315 1316/1316/1316 1317/1317/1317
f 1316/1316/1316 1318/1318/1318 1317/1317/1317
f 1317/1317/1317 1318/1318/1318 1319/1319/1319
f 1318/1318/1318 1320/1320/1320 1319/1319/1319
f 1319/1319/1319 1320/1320/1320 1321/1321/1321
f 1320/1320/1320 1322/1322/1322 1321/1321/1321
f 1321/1321/1321 1322/1322/1322 1323/1323/1323
f 1322/1322/1322 1324/1324/1324 1323/1323/1323
f 1323/1323/1323 1324/1324/1324 1325/1325/1325
f 1324/1324/1324 1326/1326/1326 1325/1325/1325
f 1325/1325/1325 1326/1326/1326 1327/1327/1327
f 1326/1326/1326 1328/1328/1328 1327/1327/1327
f 1327/1327/1327 1328/1328/1328 1329/1329/1329
f 1328/1328/1328 1330/1330/1330 1329/1329/1329
f 1329/1329/1329 1330/1330/1330 1331/1331/1331
f 1330/1330/1330 1332/1332/1332 1331/1331/1331
f 1332/1332/1332 1333/1333/1333 1331/1331/1331
f 1331/1331/1331 1333/1333/1333 1334/1334/1334
f 1333/1333/1333 1335/1335/1335 1334/1334/1334
f 1334/1334/1334 1335/1335/1335 1336/1336/1336
f 1335/1335/1335 1337/1337/1337 1336/1336/1336
f 1336/1336/1336 1337/1337/1337 1338/1338/1338
f 1337/1337/1337 1339/1339/1339 1338/1338/1338
f 1338/1338/1338 1339/1339/1339 1340/1340/1340
f 1339/1339/1339 1341/1341/1341 1340/1340/1340
f 1340/1340/1340 1341/1341/1341 1342/1342/1342
f 1341/1341/1341 1343/1343/1343 1342/1342/1342
f 1342/1342/1342 1343/1343/1343 1344/1344/1344
f 1343/1343/1343 1345/1345/1345 1344/1344/1344
f 1344/1344/1344 1345/1345/1345 1346/1346/1346
f 1345/1345/1345 1347/1347/1347 1346/1346/1346
f 1346/1346/1346 1347/1347/1347 1348/1348/1348
f 1347/1347/1347 1349/1349/1349 1348/1348/1348
f 1313/1313/1313 1306/1306/1306 1308/1308/1308
f 1348/1348/1348 1350/1350/1350 1346/1346/1346
f 1346/1346/1346 1350/1350/1350 1351/1351/1351
f 1350/1350/1350 1352/1352/1352 1351/1351/1351
f 1346/1346/1346 1351/1351/1351 1344/1344/1344
f 1351/1351/1351 1353/1353/1353 1344/1344/1344
f 1344/1344/1344 1353/1353/1353 1342/1342/1342
f 1353/1353/1353 1354/1354/1354 1342/1342/1342
f 1342/1342/1342 1354/1354/1354 1340/1340/1340
f 1354/1354/1354 1355/1355/1355 1340/1340/1340
f 1340/1340/1340 1355/1355/1355 1338/1338/1338
f 1355/1355/1355 1356/1356/1356 1338/1338/1338
f 1338/1338/1338 1356/1356/1356 1336/1336/1336
f 1356/1356/1356 1357/1357/1357 1336/1336/1336
f 1336/1336/1336 1357/1357/1357 1334/1334/1334
f 1357/1357/1357 1358/1358/1358 1334/1334/1334
f 1334/1334/1334 1358/1358/1358 1331/1331/1331
f 1331/1331/1331 1358/1358/1358 1329/1329/1329
f 1358/1358/1358 1359/1359/1359 1329/1329/1329
f 1329/1329/1329 1359/1359/1359 1327/1327/1327
f 1359/1359/1359 1358/1358/1358 1360/1360/1360
f 1358/1358/1358 1357/1357/1357 1360/1360/1360
f 1360/1360/1360 1357/1357/1357 1361/1361/1361
f 1357/1357/1357 1356/1356/1356 1361/1361/1361
f 1361/1361/1361 1356/1356/1356 1362/1362/1362
f 1356/1356/1356 1355/1355/1355 1362/1362/1362
f 1362/1362/1362 1355/1355/1355 1363/1363/1363
f 1355/1355/1355 1354/1354/1354 1363/1363/1363
f 1363/1363/1363 1354/1354/1354 1364/1364/1364
f 1354/1354/1354 1353/1353/1353 1364/1364/1364
f 1364/1364/1364 1353/1353/1353 1365/1365/1365
f 1353/1353/1353 1351/1351/1351 1365/1365/1365
f 1351/1351/1351 1352/1352/1352 1365/1365/1365
f 1352/1352/1352 1366/1366/1366 1365/1365/1365
f 1365/1365/1365 1366/1366/1366 1367/1367/1367
f 1366/1366/1366 1368/1368/1368 1367/1367/1367
f 1365/1365/1365 1367/1367/1367 1364/1364/1364
f 1367/1367/1367 1369/1369/1369 1364/1364/1364
f 1364/1364/1364 1369/1369/1369 1363/1363/1363
f 1369/1369/1369 1370/1370/1370 1363/1363/1363
f 1363/1363/1363 1370/1370/1370 1362/1362/1362
f 1370/1370/1370 1371/1371/1371 1362/1362/1362
f 1362/1362/1362 1371/1371/1371 1361/1361/1361
f 1371/1371/1371 1372/1372/1372 1361/1361/1361
f 1361/1361/1361 1372/1372/1372 1360/1360/1360
f 1372/1372/1372 1373/1373/1373 1360/1360/1360
f 1360/1360/1360 1373/1373/1373 1359/1359/1359
f 1373/1373/1373 1374/1374/1374 1359/1359/1359
f 1359/1359/1359 1374/1374/1374 1327/1327/1327
f 1327/1327/1327 1374/1374/1374 1325/1325/1325
f 1374/1374/1374 1375/1375/1375 1325/1325/1325
f 1325/1325/1325 1375/1375/1375 1323/1323/1323
f 1375/1375/1375 1374/1374/1374 1376/1376/1376
f 1374/1374/1374 1373/1373/1373 1376/1376/1376
f 1376/1376/1376 1373/1373/1373 1377/1377/1377
f 1373/1373/1373 1372/1372/1372 1377/1377/1377
f 1377/1377/1377 1372/1372/1372 1378/1378/1378
f 1372/1372/1372 1371/1371/1371 1378/1378/1378
f 1378/1378/1378 1371/1371/1371 1379/1379/1379
f 1371/1371/1371 1370/1370/1370 1379/1379/1379
f 1379/1379/1379 1370/1370/1370 1380/1380/1380
f 1370/1370/1370 1369/1369/1369 1380/1380/1380
f 1380/1380/1380 1369/1369/1369 1381/1381/1381
f 1369/1369/1369 1367/1367/1367 1381/1381/1381
f 1367/1367/1367 1368/1368/1368 1381/1381/1381
f 1368/1368/1368 1382/1382/1382 1381/1381/1381
f 1382/1382/1382 1383/1383/1383 1381/1381/1381
f 1381/1381/1381 1383/1383/1383 1380/1380/1380
f 1383/1383/1383 1384/1384/1384 1380/1380/1380
f 1380/1380/1380 1384/1384/1384 1379/1379/1379
f 1384/1384/1384 1385/1385/1385 1379/1379/1379
f 1379/1379/1379 1385/1385/1385 1378/1378/1378
f 1385/1385/1385 1386/1386/1386 1378/1378/1378
f 1378/1378/1378 1386/1386/1386 1377/1377/1377
f 1386/1386/1386 1387/1387/1387 1377/1377/1377
f 1377/1377/1377 1387/1387/1387 1376/1376/1376
f 1387/1387/1387 1388/1388/1388 1376/1376/1376
f 1376/1376/1376 1388/1388/1388 1375/1375/1375
f 1388/1388/1388 1389/1389/1389 1375/1375/1375
f 1375/1375/1375 1389/1389/1389 1323/1323/1323
f 1323/1323/1323 1389/1389/1389 1321/1321/1321
f 1389/1389/1389 1390/1390/1390 1321/1321/1321
f 1321/1321/1321 1390/1390/1390 1319/1319/1319
f 1390/1390/1390 1389/1389/1389 1391/1391/1391
f 1389/1389/1389 1388/1388/1388 1391/1391/1391
f 1391/1391/1391 1388/1388/1388 1392/1392/1392
f 1388/1388/1388 1387/1387/1387 1392/1392/1392
f 1392/1392/1392 1387/1387/1387 1393/1393/1393
f 1387/1387/1387 1386/1386/1386 1393/1393/1393
f 1393/1393/1393 1386/1386/1386 1394/1394/1394
f 1386/1386/1386 1385/1385/1385 1394/1394/1394
f 1394/1394/1394 1385/1385/1385 1395/1395/1395
f 1385/1385/1385 1384/1384/1384 1395/1395/1395
f 1395/1395/1395 1384/1384/1384 1396/1396/1396
f 1384/1384/1384 1383/1383/1383 1396/1396/1396
f 1396/1396/1396 1383/1383/1383 1397/1397/1397
f 1383/1383/1383 1382/1382/1382 1397/1397/1397
f 1397/1397/1397 1382/1382/1382 1398/1398/1398
f 1382/1382/1382 1399/1399/1399 1398/1398/1398
f 1398/1398/1398 1399/1399/1399 1400/1400/1400
f 1399/1399/1399 1401/1401/1401 1400/1400/1400
f 1400/1400/1400 1401/1401/1401 1402/1402/1402
f 1401/1401/1401 1403/1403/1403 1402/1402/1402
f 1402/1402/1402 1404/1404/1404 1400/1400/1400
f 1404/1404/1404 1405/1405/1405 1400/1400/1400
f 1400/1400/1400 1405/1405/1405 1398/1398/1398
f 1405/1405/1405 1406/1406/1406 1398/1398/1398
f 1398/1398/1398 1406/1406/1406 1397/1397/1397
f 1406/1406/1406 1407/1407/1407 1397/1397/1397
f 1397/1397/1397 1407/1407/1407 1396/1396/1396
f 1407/1407/1407 1408/1408/1408 1396/1396/1396
f 1396/1396/1396 1408/1408/1408 1395/1395/1395
f 1408/1408/1408 1409/1409/1409 1395/1395/1395
f 1395/1395/1395 1409/1409/1409 1394/1394/1394
f 1409/1409/1409 1410/1410/1410 1394/1394/1394
f 1394/1394/1394 1410/1410/1410 1393/1393/1393
f 1410/1410/1410 1411/1411/1411 1393/1393/1393
f 1393/1393/1393 1411/1411/1411 1392/1392/1392
f 1411/1411/1411 1412/1412/1412 1392/1392/1392
f 1392/1392/1392 1412/1412/1412 1391/1391/1391
f 1412/1412/1412 1413/1413/1413 1391/1391/1391
f 1391/1391/1391 1413/1413/1413 1390/1390/1390
f 1413/1413/1413 1414/1414/1414 1390/1390/1390
f 1390/1390/1390 1414/1414/1414 1319/1319/1319
f 1319/1319/1319 1414/1414/1414 1317/1317/1317
f 1414/1414/1414 1415/1415/1415 1317/1317/1317
f 1317/1317/1317 1415/1415/1415 1315/1315/1315
f 1405/1405/1405 1404/1404/1404 1416/1416/1416
f 1415/1415/1415 1414/1414/1414 1417/1417/1417
f 1414/1414/1414 1413/1413/1413 1417/1417/1417
f 1417/1417/1417 1413/1413/1413 1418/1418/1418
f 1413/1413/1413 1412/1412/1412 1418/1418/1418
f 1418/1418/1418 1412/1412/1412 1419/1419/1419
f 1412/1412/1412 1411/1411/1411 1419/1419/1419
f 1419/1419/1419 1411/1411/1411 1420/1420/1420
f 1411/1411/1411 1410/1410/1410 1420/1420/1420
f 1420/1420/1420 1410/1410/1410 1421/1421/1421
f 1410/1410/1410 1409/1409/1409 1421/1421/1421
f 1421/1421/1421 1409/1409/1409 1422/1422/1422
f 1409/1409/1409 1408/1408/1408 1422/1422/1422
f 1422/1422/1422 1408/1408/1408 1423/1423/1423
f 1408/1408/1408 1407/1407/1407 1423/1423/1423
f 1423/1423/1423 1407/1407/1407 1424/1424/1424
f 1407/1407/1407 1406/1406/1406 1424/1424/1424
f 1424/1424/1424 1406/1406/1406 1425/1425/1425
f 1406/1406/1406 1405/1405/1405 1425/1425/1425
f 1405/1405/1405 1416/1416/1416 1425/1425/1425
f 1416/1416/1416 1426/1426/1426 1425/1425/1425
f 1425/1425/1425 1426/1426/1426 1427/1427/1427
f 1426/1426/1426 1428/1428/1428 1427/1427/1427
f 1425/1425/1425 1427/1427/1427 1424/1424/1424
f 1427/1427/1427 1429/1429/1429 1424/1424/1424
f 1424/1424/1424 1429/1429/1429 1423/1423/1423
f 1429/1429/1429 1430/1430/1430 1423/1423/1423
f 1423/1423/1423 1430/1430/1430 1422/1422/1422
f 1430/1430/1430 1431/1431/1431 1422/1422/1422
f 1422/1422/1422 1431/1431/1431 1421/1421/1421
f 1431/1431/1431 1432/1432/1432 1421/1421/1421
f 1421/1421/1421 1432/1432/1432 1420/1420/1420
f 1432/1432/1432 1433/1433/1433 1420/1420/1420
f 1420/1420/1420 1433/1433/1433 1419/1419/1419
f 1433/1433/1433 1434/1434/1434 1419/1419/1419
f 1419/1419/1419 1434/1434/1434 1418/1418/1418
f 1434/1434/1434 1435/1435/1435 1418/1418/1418
f 1418/1418/1418 1435/1435/1435 1417/1417/1417
f 1435/1435/1435 1436/1436/1436 1417/1417/1417
f 1417/1417/1417 1436/1436/1436 1415/1415/1415
f 1436/1436/1436 1437/1437/1437 1415/1415/1415
f 1415/1415/1415 1437/1437/1437 1315/1315/1315
f 1315/1315/1315 1437/1437/1437 1313/1313/1313
f 1313/1313/1313 1437/1437/1437 1306/1306/1306
f 1306/1306/1306 1437/1437/1437 1305/1305/1305
f 1437/1437/1437 1436/1436/1436 1305/1305/1305
f 1305/1305/1305 1436/1436/1436 1438/1438/1438
f 1436/1436/1436 1435/1435/1435 1438/1438/1438
f 1438/1438/1438 1435/1435/1435 1439/1439/1439
f 1435/1435/1435 1434/1434/1434 1439/1439/1439
f 1439/1439/1439 1434/1434/1434 1440/1440/1440
f 1434/1434/1434 1433/1433/1433 1440/1440/1440
f 1440/1440/1440 1433/1433/1433 1441/1441/1441
f 1433/1433/1433 1432/1432/1432 1441/1441/1441
f 1441/1441/1441 1432/1432/1432 1442/1442/1442
f 1432/1432/1432 1431/1431/1431 1442/1442/1442
f 1442/1442/1442 1431/1431/1431 1443/1443/1443
f 1431/1431/1431 1430/1430/1430 1443/1443/1443
f 1443/1443/1443 1430/1430/1430 1444/1444/1444
f 1430/1430/1430 1429/1429/1429 1444/1444/1444
f 1444/1444/1444 1429/1429/1429 1445/1445/1445
f 1429/1429/1429 1427/1427/1427 1445/1445/1445
f 1427/1427/1427 1428/1428/1428 1445/1445/1445
f 1428/1428/1428 1446/1446/1446 1445/1445/1445
f 1445/1445/1445 1446/1446/1446 1447/1447/1447
f 1446/1446/1446 1448/1448/1448 1447/1447/1447
f 1305/1305/1305 1438/1438/1438 1304/1304/1304
f 1445/1445/1445 1447/1447/1447 1444/1444/1444
f 1447/1447/1447 1449/1449/1449 1444/1444/1444
f 1444/1444/1444 1449/1449/1449 1443/1443/1443
f 1449/1449/1449 1450/1450/1450 1443/1443/1443
f 1443/1443/1443 1450/1450/1450 1442/1442/1442
f 1450/1450/1450 1451/1451/1451 1442/1442/1442
f 1442/1442/1442 1451/1451/1451 1441/1441/1441
f 1451/1451/1451 1452/1452/1452 1441/1441/1441
f 1441/1441/1441 1452/1452/1452 1440/1440/1440
f 1452/1452/1452 1453/1453/1453 1440/1440/1440
f 1440/1440/1440 1453/1453/1453 1439/1439/1439
f 1453/1453/1453 1454/1454/1454 1439/1439/1439
f 1439/1439/1439 1454/1454/1454 1438/1438/1438
f 1438/1438/1438 1454/1454/1454 1304/1304/1304
f 1304/1304/1304 1454/1454/1454 1303/1303/1303
f 1454/1454/1454 1455/1455/1455 1303/1303/1303
f 1303/1303/1303 1455/1455/1455 1301/1301/1301
f 1454/1454/1454 1453/1453/1453 1455/1455/1455
f 1455/1455/1455 1453/1453/1453 1456/1456/1456
f 1453/1453/1453 1452/1452/1452 1456/1456/1456
f 1456/1456/1456 1452/1452/1452 1457/1457/1457
f 1452/1452/1452 1451/1451/1451 1457/1457/1457
f 1457/1457/1457 1451/1451/1451 1458/1458/1458
f 1451/1451/1451 1450/1450/1450 1458/1458/1458
f 1458/1458/1458 1450/1450/1450 1459/1459/1459
f 1450/1450/1450 1449/1449/1449 1459/1459/1459
f 1459/1459/1459 1449/1449/1449 1460/1460/1460
f 1449/1449/1449 1447/1447/1447 1460/1460/1460
f 1447/1447/1447 1448/1448/1448 1460/1460/1460
f 1448/1448/1448 1461/1461/1461 1460/1460/1460
f 1460/1460/1460 1461/1461/1461 1462/1462/1462
f 1461/1461/1461 1463/1463/1463 1462/1462/1462
f 1463/1463/1463 1464/1464/1464 1462/1462/1462
f 1464/1464/1464 1465/1465/1465 1462/1462/1462
f 1462/1462/1462 1465/1465/1465 1459/1459/1459
f 1459/1459/1459 1465/1465/1465 1458/1458/1458
f 1465/1465/1465 1466/1466/1466 1458/1458/1458
f 1458/1458/1458 1466/1466/1466 1457/1457/1457
f 1466/1466/1466 1467/1467/1467 1457/1457/1457
f 1457/1457/1457 1467/1467/1467 1456/1456/1456
f 1467/1467/1467 1468/1468/1468 1456/1456/1456
f 1456/1456/1456 1468/1468/1468 1455/1455/1455
f 1455/1455/1455 1468/1468/1468 1301/1301/1301
f 1301/1301/1301 1468/1468/1468 1302/1302/1302
f 1302/1302/1302 1468/1468/1468 1469/1469/1469
f 1468/1468/1468 1467/1467/1467 1469/1469/1469
f 1469/1469/1469 1467/1467/1467 1470/1470/1470
f 1467/1467/1467 1466/1466/1466 1470/1470/1470
f 1470/1470/1470 1466/1466/1466 1471/1471/1471
f 1466/1466/1466 1465/1465/1465 1471/1471/1471
f 1471/1471/1471 1465/1465/1465 1464/1464/1464
f 1459/1459/1459 1460/1460/1460 1462/1462/1462
f 1472/1472/1472 1473/1473/1473 1474/1474/1474
f 1473/1473/1473 1475/1475/1475 1474/1474/1474
f 1474/1474/1474 1475/1475/1475 1476/1476/1476
f 1475/1475/1475 1477/1477/1477 1476/1476/1476
f 1476/1476/1476 1477/1477/1477 1478/1478/1478
f 1473/1473/1473 1479/1479/1479 1475/1475/1475
f 1475/1475/1475 1479/1479/1479 1480/1480/1480
f 1479/1479/1479 1481/1481/1481 1480/1480/1480
f 1480/1480/1480 1481/1481/1481 1482/1482/1482
f 1482/1482/1482 1481/1481/1481 1483/1483/1483
f 1481/1481/1481 1484/1484/1484 1483/1483/1483
f 1483/1483/1483 1484/1484/1484 1485/1485/1485
f 1484/1484/1484 1486/1486/1486 1485/1485/1485
f 1485/1485/1485 1486/1486/1486 1487/1487/1487
f 1486/1486/1486 1488/1488/1488 1487/1487/1487
f 1487/1487/1487 1488/1488/1488 1489/1489/1489
f 1488/1488/1488 1490/1490/1490 1489/1489/1489
f 1489/1489/1489 1490/1490/1490 1491/1491/1491
f 1490/1490/1490 1492/1492/1492 1491/1491/1491
f 1491/1491/1491 1492/1492/1492 1493/1493/1493
f 1492/1492/1492 1494/1494/1494 1493/1493/1493
f 1494/1494/1494 1495/1495/1495 1493/1493/1493
f 1493/1493/1493 1495/1495/1495 1496/1496/1496
f 1495/1495/1495 1497/1497/1497 1496/1496/1496
f 1496/1496/1496 1497/1497/1497 1498/1498/1498
f 1497/1497/1497 1499/1499/1499 1498/1498/1498
f 1475/1475/1475 1480/1480/1480 1477/1477/1477
f 1498/1498/1498 1500/1500/1500 1496/1496/1496
f 1496/1496/1496 1500/1500/1500 1501/1501/1501
f 1500/1500/1500 1502/1502/1502 1501/1501/1501
f 1501/1501/1501 1502/1502/1502 1503/1503/1503
f 1502/1502/1502 1504/1504/1504 1503/1503/1503
f 1504/1504/1504 1505/1505/1505 1503/1503/1503
f 1503/1503/1503 1505/1505/1505 1489/1489/1489
f 1489/1489/1489 1505/1505/1505 1487/1487/1487
f 1505/1505/1505 1506/1506/1506 1487/1487/1487
f 1487/1487/1487 1506/1506/1506 1485/1485/1485
f 1496/1496/1496 1501/1501/1501 1493/1493/1493
f 1493/1493/1493 1501/1501/1501 1491/1491/1491
f 1501/1501/1501 1503/1503/1503 1491/1491/1491
f 1491/1491/1491 1503/1503/1503 1489/1489/1489
f 1504/1504/1504 1507/1507/1507 1505/1505/1505
f 1505/1505/1505 1507/1507/1507 1506/1506/1506
f 1507/1507/1507 1508/1508/1508 1506/1506/1506
f 1506/1506/1506 1508/1508/1508 1509/1509/1509
f 1508/1508/1508 1510/1510/1510 1509/1509/1509
f 1509/1509/1509 1510/1510/1510 1511/1511/1511
f 1510/1510/1510 1512/1512/1512 1511/1511/1511
f 1511/1511/1511 1512/1512/1512 1513/1513/1513
f 1512/1512/1512 1514/1514/1514 1513/1513/1513
f 1506/1506/1506 1509/1509/1509 1485/1485/1485
f 1485/1485/1485 1509/1509/1509 1483/1483/1483
f 1509/1509/1509 1511/1511/1511 1483/1483/1483
f 1483/1483/1483 1511/1511/1511 1482/1482/1482
f 1511/1511/1511 1513/1513/1513 1482/1482/1482
f 1482/1482/1482 1513/1513/1513 1515/1515/1515
f 1513/1513/1513 1516/1516/1516 1515/1515/1515
f 1516/1516/1516 1517/1517/1517 1515/1515/1515
f 1515/1515/1515 1517/1517/1517 1477/1477/1477
f 1517/1517/1517 1478/1478/1478 1477/1477/1477
f 1482/1482/1482 1515/1515/1515 1480/1480/1480
f 1515/1515/1515 1477/1477/1477 1480/1480/1480
f 1513/1513/1513 1514/1514/1514 1516/1516/1516
f 1514/1514/1514 1518/1518/1518 1516/1516/1516
f 1518/1518/1518 1519/1519/1519 1516/1516/1516
f 1516/1516/1516 1519/1519/1519 1517/1517/1517
f 1519/1519/1519 1520/1520/1520 1517/1517/1517
f 1517/1517/1517 1520/1520/1520 1478/1478/1478
f 1478/1478/1478 1520/1520/1520 1521/1521/1521
f 1520/1520/1520 1522/1522/1522 1521/1521/1521
f 1521/1521/1521 1522/1522/1522 1523/1523/1523
f 1522/1522/1522 1524/1524/1524 1523/1523/1523
f 1523/1523/1523 1524/1524/1524 1525/1525/1525
f 1524/1524/1524 1522/1522/1522 1526/1526/1526
f 1526/1526/1526 1522/1522/1522 1527/1527/1527
f 1522/1522/1522 1520/1520/1520 1527/1527/1527
f 1520/1520/1520 1519/1519/1519 1527/1527/1527
f 1527/1527/1527 1519/1519/1519 1528/1528/1528
f 1519/1519/1519 1518/1518/1518 1528/1528/1528
f 1518/1518/1518 1529/1529/1529 1528/1528/1528
f 1528/1528/1528 1529/1529/1529 1530/1530/1530
f 1530/1530/1530 1529/1529/1529 1531/1531/1531
f 1529/1529/1529 1532/1532/1532 1531/1531/1531
f 1531/1531/1531 1532/1532/1532 1533/1533/1533
f 1533/1533/1533 1532/1532/1532 1534/1534/1534
f 1532/1532/1532 1535/1535/1535 1534/1534/1534
f 1534/1534/1534 1535/1535/1535 1536/1536/1536
f 1535/1535/1535 1537/1537/1537 1536/1536/1536
f 1536/1536/1536 1537/1537/1537 1538/1538/1538
f 1526/1526/1526 1527/1527/1527 1539/1539/1539
f 1527/1527/1527 1528/1528/1528 1539/1539/1539
f 1539/1539/1539 1528/1528/1528 1530/1530/1530
f 1537/1537/1537 1535/1535/1535 1540/1540/1540
f 1540/1540/1540 1535/1535/1535 1541/1541/1541
f 1535/1535/1535 1532/1532/1532 1541/1541/1541
f 1532/1532/1532 1529/1529/1529 1541/1541/1541
f 1529/1529/1529 1518/1518/1518 1541/1541/1541
f 1518/1518/1518 1514/1514/1514 1541/1541/1541
f 1541/1541/1541 1514/1514/1514 1540/1540/1540
f 1478/1478/1478 1542/1542/1542 1476/1476/1476
f 1476/1476/1476 1542/1542/1542 1543/1543/1543
f 1542/1542/1542 1544/1544/1544 1543/1543/1543
f 1543/1543/1543 1544/1544/1544 1545/1545/1545
f 1544/1544/1544 1546/1546/1546 1545/1545/1545
f 1476/1476/1476 1543/1543/1543 1474/1474/1474
f 1543/1543/1543 1547/1547/1547 1474/1474/1474
f 1474/1474/1474 1547/1547/1547 1472/1472/1472
f 1547/1547/1547 1543/1543/1543 1545/1545/1545
f 1548/1548/1548 1549/1549/1549 1550/1550/1550
f 1549/1549/1549 1551/1551/1551 1550/1550/1550
f 1550/1550/1550 1552/1552/1552 1548/1548/1548
f 1548/1548/1548 1552/1552/1552 1553/1553/1553
f 1552/1552/1552 1554/1554/1554 1553/1553/1553
f 1553/1553/1553 1554/1554/1554 1555/1555/1555
f 1554/1554/1554 1556/1556/1556 1555/1555/1555
f 1555/1555/1555 1556/1556/1556 1557/1557/1557
f 1556/1556/1556 1558/1558/1558 1557/1557/1557
f 1557/1557/1557 1558/1558/1558 1559/1559/1559
f 1558/1558/1558 1560/1560/1560 1559/1559/1559
f 1559/1559/1559 1560/1560/1560 1561/1561/1561
f 1560/1560/1560 1558/1558/1558 1562/1562/1562
f 1562/1562/1562 1558/1558/1558 1563/1563/1563
f 1558/1558/1558 1556/1556/1556 1563/1563/1563
f 1563/1563/1563 1556/1556/1556 1564/1564/1564
f 1556/1556/1556 1554/1554/1554 1564/1564/1564
f 1562/1562/1562 1563/1563/1563 1565/1565/1565
f 1563/1563/1563 1566/1566/1566 1565/1565/1565
f 1565/1565/1565 1566/1566/1566 1567/1567/1567
f 1566/1566/1566 1568/1568/1568 1567/1567/1567
f 1567/1567/1567 1568/1568/1568 1569/1569/1569
f 1568/1568/1568 1570/1570/1570 1569/1569/1569
f 1569/1569/1569 1570/1570/1570 1571/1571/1571
f 1571/1571/1571 1570/1570/1570 1572/1572/1572
f 1570/1570/1570 1573/1573/1573 1572/1572/1572
f 1572/1572/1572 1573/1573/1573 1574/1574/1574
f 1563/1563/1563 1564/1564/1564 1566/1566/1566
f 1566/1566/1566 1564/1564/1564 1575/1575/1575
f 1575/1575/1575 1564/1564/1564 1576/1576/1576
f 1564/1564/1564 1554/1554/1554 1576/1576/1576
f 1554/1554/1554 1552/1552/1552 1576/1576/1576
f 1576/1576/1576 1552/1552/1552 1577/1577/1577
f 1552/1552/1552 1550/1550/1550 1577/1577/1577
f 1566/1566/1566 1575/1575/1575 1568/1568/1568
f 1575/1575/1575 1578/1578/1578 1568/1568/1568
f 1568/1568/1568 1578/1578/1578 1570/1570/1570
f 1570/1570/1570 1578/1578/1578 1573/1573/1573
f 1578/1578/1578 1579/1579/1579 1573/1573/1573
f 1579/1579/1579 1580/1580/1580 1573/1573/1573
f 1573/1573/1573 1580/1580/1580 1574/1574/1574
f 1574/1574/1574 1580/1580/1580 1581/1581/1581
f 1580/1580/1580 1582/1582/1582 1581/1581/1581
f 1581/1581/1581 1582/1582/1582 1583/1583/1583
f 1577/1577/1577 1584/1584/1584 1576/1576/1576
f 1576/1576/1576 1584/1584/1584 1575/1575/1575
f 1575/1575/1575 1584/1584/1584 1578/1578/1578
f 1578/1578/1578 1584/1584/1584 1579/1579/1579
f 1584/1584/1584 1585/1585/1585 1579/1579/1579
f 1585/1585/1585 1586/1586/1586 1579/1579/1579
f 1579/1579/1579 1586/1586/1586 1580/1580/1580
f 1586/1586/1586 1582/1582/1582 1580/1580/1580
f 1584/1584/1584 1577/1577/1577 1585/1585/1585
f 1577/1577/1577 1587/1587/1587 1585/1585/1585
f 1585/1585/1585 1587/1587/1587 1588/1588/1588
f 1588/1588/1588 1587/1587/1587 1589/1589/1589
f 1589/1589/1589 1587/1587/1587 1551/1551/1551
f 1551/1551/1551 1587/1587/1587 1550/1550/1550
f 1587/1587/1587 1577/1577/1577 1550/1550/1550
f 1585/1585/1585 1588/1588/1588 1586/1586/1586
f 1588/1588/1588 1590/1590/1590 1586/1586/1586
f 1586/1586/1586 1590/1590/1590 1582/1582/1582
f 1590/1590/1590 1591/1591/1591 1582/1582/1582
f 1582/1582/1582 1591/1591/1591 1583/1583/1583
f 1583/1583/1583 1591/1591/1591 1592/1592/1592
f 1591/1591/1591 1593/1593/1593 1592/1592/1592
f 1592/1592/1592 1593/1593/1593 1594/1594/1594
f 1593/1593/1593 1591/1591/1591 1595/1595/1595
f 1591/1591/1591 1590/1590/1590 1595/1595/1595
f 1595/1595/1595 1590/1590/1590 1596/1596/1596
f 1590/1590/1590 1588/1588/1588 1596/1596/1596
f 1596/1596/1596 1588/1588/1588 1589/1589/1589
f 1597/1597/1597 1599/1599/1599 1598/1598/1598
f 1598/1598/1598 1599/1599/1599 1600/1600/1600
f 1599/1599/1599 1601/1601/1601 1600/1600/1600
f 1600/1600/1600 1601/1601/1601 1602/1602/1602
f 1601/1601/1601 1603/1603/1603 1602/1602/1602
f 1602/1602/1602 1603/1603/1603 1604/1604/1604
f 1598/1598/1598 1600/1600/1600 1605/1605/1605
f 1605/1605/1605 1600/1600/1600 1606/1606/1606
f 1600/1600/1600 1602/1602/1602 1606/1606/1606
f 1606/1606/1606 1602/1602/1602 1607/1607/1607
f 1602/1602/1602 1604/1604/1604 1607/1607/1607
f 1604/1604/1604 1608/1608/1608 1607/1607/1607
f 1607/1607/1607 1608/1608/1608 1609/1609/1609
f 1608/1608/1608 1610/1610/1610 1609/1609/1609
f 1605/1605/1605 1606/1606/1606 1611/1611/1611
f 1611/1611/1611 1606/1606/1606 1612/1612/1612
f 1606/1606/1606 1607/1607/1607 1612/1612/1612
f 1612/1612/1612 1607/1607/1607 1609/1609/1609
f 1613/1613/1613 1615/1615/1615 1614/1614/1614
f 1614/1614/1614 1615/1615/1615 1616/1616/1616
f 1615/1615/1615 1617/1617/1617 1616/1616/1616
f 1616/1616/1616 1617/1617/1617 1618/1618/1618
f 1617/1617/1617 1619/1619/1619 1618/1618/1618
f 1618/1618/1618 1619/1619/1619 1620/1620/1620
f 1619/1619/1619 1621/1621/1621 1620/1620/1620
f 1620/1620/1620 1621/1621/1621 1622/1622/1622
f 1621/1621/1621 1623/1623/1623 1622/1622/1622
f 1622/1622/1622 1623/1623/1623 1624/1624/1624
f 1623/1623/1623 1625/1625/1625 1624/1624/1624
f 1625/1625/1625 1626/1626/1626 1624/1624/1624
f 1624/1624/1624 1626/1626/1626 1627/1627/1627
f 1626/1626/1626 1628/1628/1628 1627/1627/1627
f 1627/1627/1627 1628/1628/1628 1629/1629/1629
f 1628/1628/1628 1630/1630/1630 1629/1629/1629
f 1629/1629/1629 1630/1630/1630 1631/1631/1631
f 1630/1630/1630 1632/1632/1632 1631/1631/1631
f 1631/1631/1631 1632/1632/1632 1633/1633/1633
f 1632/1632/1632 1634/1634/1634 1633/1633/1633
f 1633/1633/1633 1634/1634/1634 1635/1635/1635
f 1634/1634/1634 1636/1636/1636 1635/1635/1635
f 1614/1614/1614 1616/1616/1616 1637/1637/1637
f 1616/1616/1616 1638/1638/1638 1637/1637/1637
f 1637/1637/1637 1638/1638/1638 1639/1639/1639
f 1638/1638/1638 1640/1640/1640 1639/1639/1639
f 1639/1639/1639 1640/1640/1640 1641/1641/1641
f 1618/1618/1618 1638/1638/1638 1616/1616/1616
f 1635/1635/1635 1642/1642/1642 1633/1633/1633
f 1642/1642/1642 1643/1643/1643 1633/1633/1633
f 1633/1633/1633 1643/1643/1643 1631/1631/1631
f 1643/1643/1643 1644/1644/1644 1631/1631/1631
f 1631/1631/1631 1644/1644/1644 1629/1629/1629
f 1644/1644/1644 1645/1645/1645 1629/1629/1629
f 1629/1629/1629 1645/1645/1645 1627/1627/1627
f 1645/1645/1645 1646/1646/1646 1627/1627/1627
f 1627/1627/1627 1646/1646/1646 1624/1624/1624
f 1624/1624/1624 1646/1646/1646 1622/1622/1622
f 1646/1646/1646 1647/1647/1647 1622/1622/1622
f 1622/1622/1622 1647/1647/1647 1620/1620/1620
f 1642/1642/1642 1648/1648/1648 1643/1643/1643
f 1643/1643/1643 1648/1648/1648 1649/1649/1649
f 1649/1649/1649 1648/1648/1648 1650/1650/1650
f 1648/1648/1648 1651/1651/1651 1650/1650/1650
f 1643/1643/1643 1649/1649/1649 1644/1644/1644
f 1649/1649/1649 1652/1652/1652 1644/1644/1644
f 1644/1644/1644 1652/1652/1652 1645/1645/1645
f 1652/1652/1652 1653/1653/1653 1645/1645/1645
f 1645/1645/1645 1653/1653/1653 1646/1646/1646
f 1646/1646/1646 1653/1653/1653 1647/1647/1647
f 1653/1653/1653 1654/1654/1654 1647/1647/1647
f 1654/1654/1654 1655/1655/1655 1647/1647/1647
f 1647/1647/1647 1655/1655/1655 1620/1620/1620
f 1620/1620/1620 1655/1655/1655 1618/1618/1618
f 1618/1618/1618 1655/1655/1655 1638/1638/1638
f 1638/1638/1638 1655/1655/1655 1640/1640/1640
f 1655/1655/1655 1654/1654/1654 1640/1640/1640
f 1640/1640/1640 1654/1654/1654 1656/1656/1656
f 1656/1656/1656 1654/1654/1654 1657/1657/1657
f 1654/1654/1654 1653/1653/1653 1657/1657/1657
f 1653/1653/1653 1652/1652/1652 1657/1657/1657
f 1657/1657/1657 1652/1652/1652 1658/1658/1658
f 1652/1652/1652 1649/1649/1649 1658/1658/1658
f 1649/1649/1649 1650/1650/1650 1658/1658/1658
f 1658/1658/1658 1650/1650/1650 1659/1659/1659
f 1659/1659/1659 1650/1650/1650 1660/1660/1660
f 1650/1650/1650 1651/1651/1651 1660/1660/1660
f 1651/1651/1651 1661/1661/1661 1660/1660/1660
f 1660/1660/1660 1661/1661/1661 1662/1662/1662
f 1661/1661/1661 1663/1663/1663 1662/1662/1662
f 1663/1663/1663 1664/1664/1664 1662/1662/1662
f 1662/1662/1662 1664/1664/1664 1665/1665/1665
f 1664/1664/1664 1666/1666/1666 1665/1665/1665
f 1665/1665/1665 1666/1666/1666 1667/1667/1667
f 1666/1666/1666 1668/1668/1668 1667/1667/1667
f 1640/1640/1640 1656/1656/1656 1641/1641/1641
f 1641/1641/1641 1656/1656/1656 1669/1669/1669
f 1669/1669/1669 1656/1656/1656 1670/1670/1670
f 1656/1656/1656 1657/1657/1657 1670/1670/1670
f 1657/1657/1657 1658/1658/1658 1670/1670/1670
f 1670/1670/1670 1658/1658/1658 1659/1659/1659
f 1667/1667/1667 1671/1671/1671 1665/1665/1665
f 1665/1665/1665 1671/1671/1671 1672/1672/1672
f 1671/1671/1671 1673/1673/1673 1672/1672/1672
f 1672/1672/1672 1673/1673/1673 1659/1659/1659
f 1659/1659/1659 1673/1673/1673 1670/1670/1670
f 1673/1673/1673 1669/1669/1669 1670/1670/1670
f 1665/1665/1665 1672/1672/1672 1662/1662/1662
f 1662/1662/1662 1672/1672/1672 1660/1660/1660
f 1672/1672/1672 1659/1659/1659 1660/1660/1660
f 1674/1674/1674 1675/1675/1675 1676/1676/1676
f 1676/1676/1676 1675/1675/1675 1677/1677/1677
f 1675/1675/1675 1678/1678/1678 1677/1677/1677
f 1677/1677/1677 1678/1678/1678 1679/1679/1679
f 1680/1680/1680 1674/1674/1674 1676/1676/1676
f 1674/1674/1674 1681/1681/1681 1675/1675/1675
f 1681/1681/1681 1682/1682/1682 1675/1675/1675
f 1675/1675/1675 1682/1682/1682 1678/1678/1678
f 1682/1682/1682 1683/1683/1683 1678/1678/1678
f 1683/1683/1683 1684/1684/1684 1678/1678/1678
f 1678/1678/1678 1684/1684/1684 1679/1679/1679
f 1679/1679/1679 1684/1684/1684 1685/1685/1685
f 1684/1684/1684 1686/1686/1686 1685/1685/1685
f 1685/1685/1685 1686/1686/1686 1687/1687/1687
f 1686/1686/1686 1688/1688/1688 1687/1687/1687
f 1687/1687/1687 1688/1688/1688 1689/1689/1689
f 1681/1681/1681 1690/1690/1690 1682/1682/1682
f 1690/1690/1690 1691/1691/1691 1682/1682/1682
f 1682/1682/1682 1691/1691/1691 1683/1683/1683
f 1691/1691/1691 1692/1692/1692 1683/1683/1683
f 1683/1683/1683 1692/1692/1692 1693/1693/1693
f 1692/1692/1692 1694/1694/1694 1693/1693/1693
f 1694/1694/1694 1695/1695/1695 1693/1693/1693
f 1693/1693/1693 1695/1695/1695 1686/1686/1686
f 1695/1695/1695 1688/1688/1688 1686/1686/1686
f 1686/1686/1686 1684/1684/1684 1693/1693/1693
f 1684/1684/1684 1683/1683/1683 1693/1693/1693
f 1679/1679/1679 1696/1696/1696 1677/1677/1677
f 1696/1696/1696 1697/1697/1697 1677/1677/1677
f 1677/1677/1677 1697/1697/1697 1676/1676/1676
f 1697/1697/1697 1698/1698/1698 1676/1676/1676
f 1676/1676/1676 1698/1698/1698 1680/1680/1680
f 1680/1680/1680 1698/1698/1698 1699/1699/1699
f 1698/1698/1698 1700/1700/1700 1699/1699/1699
f 1699/1699/1699 1700/1700/1700 1701/1701/1701
f 1696/1696/1696 1702/1702/1702 1697/1697/1697
f 1697/1697/1697 1702/1702/1702 1703/1703/1703
f 1702/1702/1702 1704/1704/1704 1703/1703/1703
f 1703/1703/1703 1704/1704/1704 1705/1705/1705
f 1704/1704/1704 1706/1706/1706 1705/1705/1705
f 1705/1705/1705 1706/1706/1706 1707/1707/1707
f 1706/1706/1706 1708/1708/1708 1707/1707/1707
f 1707/1707/1707 1708/1708/1708 1709/1709/1709
f 1708/1708/1708 1710/1710/1710 1709/1709/1709
f 1697/1697/1697 1703/1703/1703 1698/1698/1698
f 1698/1698/1698 1703/1703/1703 1700/1700/1700
f 1703/1703/1703 1705/1705/1705 1700/1700/1700
f 1700/1700/1700 1705/1705/1705 1711/1711/1711
f 1705/1705/1705 1707/1707/1707 1711/1711/1711
f 1711/1711/1711 1707/1707/1707 1712/1712/1712
f 1707/1707/1707 1709/1709/1709 1712/1712/1712
f 1700/1700/1700 1711/1711/1711 1701/1701/1701
f 1701/1701/1701 1711/1711/1711 1713/1713/1713
f 1711/1711/1711 1712/1712/1712 1713/1713/1713
f 1714/1714/1714 1715/1715/1715 1716/1716/1716
f 1715/1715/1715 1717/1717/1717 1716/1716/1716
f 1716/1716/1716 1717/1717/1717 1718/1718/1718
f 1717/1717/1717 1719/1719/1719 1718/1718/1718
f 1718/1718/1718 1719/1719/1719 1720/1720/1720
f 1720/1720/1720 1719/1719/1719 1721/1721/1721
f 1721/1721/1721 1719/1719/1719 1722/1722/1722
f 1719/1719/1719 1723/1723/1723 1722/1722/1722
f 1722/1722/1722 1723/1723/1723 1724/1724/1724
f 1724/1724/1724 1723/1723/1723 1725/1725/1725
f 1725/1725/1725 1723/1723/1723 1726/1726/1726
f 1723/1723/1723 1717/1717/1717 1726/1726/1726
f 1726/1726/1726 1717/1717/1717 1715/1715/1715
f 1719/1719/1719 1717/1717/1717 1723/1723/1723
f 1724/1724/1724 1727/1727/1727 1722/1722/1722
f 1727/1727/1727 1728/1728/1728 1722/1722/1722
f 1722/1722/1722 1728/1728/1728 1721/1721/1721
f 1728/1728/1728 1727/1727/1727 1729/1729/1729
f 1730/1730/1730 1731/1731/1731 1732/1732/1732
f 1731/1731/1731 1733/1733/1733 1732/1732/1732
f 1732/1732/1732 1733/1733/1733 1734/1734/1734
f 1733/1733/1733 1735/1735/1735 1734/1734/1734
f 1734/1734/1734 1735/1735/1735 1736/1736/1736
f 1736/1736/1736 1735/1735/1735 1737/1737/1737
f 1737/1737/1737 1735/1735/1735 1738/1738/1738
f 1735/1735/1735 1739/1739/1739 1738/1738/1738
f 1738/1738/1738 1739/1739/1739 1740/1740/1740
f 1740/1740/1740 1739/1739/1739 1741/1741/1741
f 1741/1741/1741 1739/1739/1739 1742/1742/1742
f 1739/1739/1739 1733/1733/1733 1742/1742/1742
f 1742/1742/1742 1733/1733/1733 1731/1731/1731
f 1735/1735/1735 1733/1733/1733 1739/1739/1739
f 1740/1740/1740 1743/1743/1743 1738/1738/1738
f 1743/1743/1743 1744/1744/1744 1738/1738/1738
f 1738/1738/1738 1744/1744/1744 1737/1737/1737
f 1744/1744/1744 1743/1743/1743 1745/1745/1745
